DEBUG:anaconda.modules.common:The configuration is loaded from: ['/run/anaconda/anaconda.conf']
INFO:program:Running... udevadm trigger --action=change --subsystem-match=block
DEBUG:program:Return code: 0
INFO:program:Running... udevadm settle --timeout=300
DEBUG:program:Return code: 0
INFO:blivet:LVM auto-activation is now disabled in /etc/lvm/lvmlocal.conf
DEBUG:anaconda.core.util:ID_LIKE not found in os-release files
DEBUG:anaconda.core.kickstart.version:Using ID for version detection: fedora
DEBUG:anaconda.core.kickstart.version:Attempting to convert version string: f44
INFO:anaconda.core.kickstart.version:Detected kickstart version from platform ID: f44 -> 44000
INFO:anaconda.core.kickstart.version:Using os-release detected kickstart version
INFO:dasbus.connection:Connecting to the system bus.
INFO:dasbus.connection:Connecting to the system bus.
INFO:blivet:failed to get initiator name from iscsi firmware: No firmware found
DEBUG:anaconda.modules.storage.bootloader.factory:The default class is set to 'None'.
DEBUG:anaconda.modules.storage.bootloader.bootloader:The default type is set to 'BootloaderType.DEFAULT'.
DEBUG:anaconda.modules.storage.fcoe.fcoe:Start up the FCoE module.
INFO:program:[libmkod] custom logging function 0x7feca7856930 registered

INFO:program:[libmkod] context 0x559f62eaa150 released

INFO:program:Running... /usr/libexec/fcoe/fcoe_edd.sh -i
INFO:program:stdout:
INFO:program:No FCoE boot disk information is found in EDD!
DEBUG:program:Return code: 1
INFO:blivet:No FCoE EDD info found: No FCoE boot disk information is found in EDD!
DEBUG:anaconda.modules.storage.iscsi.iscsi:Start up the iSCSI module.
INFO:blivet:ISCSID is /usr/bin/iscsid
INFO:program:Running... systemctl start iscsi-init.service
DEBUG:program:Return code: 0
INFO:blivet:no initiator set
DEBUG:anaconda.modules.storage.nvme.nvme:Start up the NVMe module.
DEBUG:anaconda.modules.storage.zfcp.zfcp:Start up the zFCP module.
DEBUG:blivet:               Ext4FS.supported: supported: True ;
DEBUG:blivet:get_format('ext4') returning Ext4FS instance with object id 0
DEBUG:blivet:            Ext4FS.supported: supported: True ;
DEBUG:blivet:trying to set new default fstype to 'ext4'
DEBUG:blivet:                  Ext4FS.supported: supported: True ;
DEBUG:blivet:get_format('ext4') returning Ext4FS instance with object id 1
DEBUG:blivet:               Ext4FS.supported: supported: True ;
INFO:blivet:Fstab file '' does not exist, setting fstab read path to None
INFO:program:Running... lsblk --bytes -a -o NAME,SIZE,OWNER,GROUP,MODE,FSTYPE,LABEL,UUID,PARTUUID,MOUNTPOINT
INFO:program:stdout:
INFO:program:NAME                SIZE OWNER GROUP MODE       FSTYPE   LABEL                  UUID                                 PARTUUID                             MOUNTPOINT
INFO:program:loop0          818679808 root  disk  brw-rw---- squashfs                                                                                                  /run/rootfsbase
INFO:program:sda         256060514304 root  disk  brw-rw----                                                                                                           
INFO:program:|-sda1        1127219200 root  disk  brw-rw---- vfat                            A688-ECCB                            ef141541-06ca-4b79-9094-bdf0c999bcd9 
INFO:program:`-sda2      254930845696 root  disk  brw-rw---- ext4                            975adc3d-7fcc-4e2d-9081-e85104a51cb0 5869fd88-0709-429b-8cd7-b8546548b521 
INFO:program:sdb          31037849600 root  disk  brw-rw---- iso9660  Fedora-S-dvd-x86_64-44 2026-10-03-12-20-30-00                                                    /run/install/repo
INFO:program:|-sdb1        3835547648 root  disk  brw-rw---- iso9660  Fedora-S-dvd-x86_64-44 2026-10-03-12-20-30-00               2fa0de9c-e455-4508-9b7a-e309ee6cfde1 
INFO:program:|-sdb2          20971520 root  disk  brw-rw---- vfat                            90AC-3357                            2fa0de9c-e455-4508-9b79-e309ee6cfde1 
INFO:program:`-sdb3            307200 root  disk  brw-rw----                                                                      2fa0de9c-e455-4508-9b78-e309ee6cfde1 
INFO:program:sr0           1073741312 root  cdrom brw-rw----                                                                                                           
INFO:program:mmcblk0       7744782336 root  disk  brw-rw----                                                                                                           
INFO:program:`-mmcblk0p1   7740588032 root  disk  brw-rw---- vfat                            412A-B645                                                                 
INFO:program:zram0         8186232832 root  disk  brw-rw---- swap     zram0                  263102da-a10b-493c-9e52-7b16d84968f3                                      [SWAP]
DEBUG:program:Return code: 0
DEBUG:blivet:lsblk output:
NAME                SIZE OWNER GROUP MODE       FSTYPE   LABEL                  UUID                                 PARTUUID                             MOUNTPOINT
loop0          818679808 root  disk  brw-rw---- squashfs                                                                                                  /run/rootfsbase
sda         256060514304 root  disk  brw-rw----                                                                                                           
|-sda1        1127219200 root  disk  brw-rw---- vfat                            A688-ECCB                            ef141541-06ca-4b79-9094-bdf0c999bcd9 
`-sda2      254930845696 root  disk  brw-rw---- ext4                            975adc3d-7fcc-4e2d-9081-e85104a51cb0 5869fd88-0709-429b-8cd7-b8546548b521 
sdb          31037849600 root  disk  brw-rw---- iso9660  Fedora-S-dvd-x86_64-44 2026-10-03-12-20-30-00                                                    /run/install/repo
|-sdb1        3835547648 root  disk  brw-rw---- iso9660  Fedora-S-dvd-x86_64-44 2026-10-03-12-20-30-00               2fa0de9c-e455-4508-9b7a-e309ee6cfde1 
|-sdb2          20971520 root  disk  brw-rw---- vfat                            90AC-3357                            2fa0de9c-e455-4508-9b79-e309ee6cfde1 
`-sdb3            307200 root  disk  brw-rw----                                                                      2fa0de9c-e455-4508-9b78-e309ee6cfde1 
sr0           1073741312 root  cdrom brw-rw----                                                                                                           
mmcblk0       7744782336 root  disk  brw-rw----                                                                                                           
`-mmcblk0p1   7740588032 root  disk  brw-rw---- vfat                            412A-B645                                                                 
zram0         8186232832 root  disk  brw-rw---- swap     zram0                  263102da-a10b-493c-9e52-7b16d84968f3                                      [SWAP]

DEBUG:blivet:lvm filter: clearing the lvm devices list
DEBUG:blivet:lvm filter: clearing the lvm devices list
DEBUG:blivet:trying to set new default fstype to 'ext4'
DEBUG:blivet:                Ext4FS.supported: supported: True ;
DEBUG:blivet:get_format('ext4') returning Ext4FS instance with object id 2
DEBUG:blivet:             Ext4FS.supported: supported: True ;
DEBUG:anaconda.storage:trying to set new default luks version to 'luks2'
DEBUG:blivet:              LUKS.__init__: luks_version: luks2 ;
DEBUG:blivet:get_format('luks') returning LUKS instance with object id 3
DEBUG:anaconda.modules.storage.storage:The storage model has changed.
DEBUG:anaconda.modules.common.base.base:Publish the service.
DEBUG:dasbus.connection:Publishing an object at /org/fedoraproject/Anaconda/Modules/Storage/Checker.
INFO:anaconda.core.dbus:Connecting to the Anaconda bus at unix:path=/tmp/dbus-5lnAR7Hg7g,guid=ed498b87c5f62c1e404a3f766aa7391f.
WARNING:py.warnings:/usr/lib/python3.14/site-packages/dasbus/server/handler.py:78: DeprecationWarning: Gio.DBusConnection.register_object is deprecated
  registration_id = connection.register_object(

DEBUG:dasbus.connection:Publishing an object at /org/fedoraproject/Anaconda/Modules/Storage/DeviceTree.
DEBUG:dasbus.connection:Publishing an object at /org/fedoraproject/Anaconda/Modules/Storage/DiskInitialization.
DEBUG:dasbus.connection:Publishing an object at /org/fedoraproject/Anaconda/Modules/Storage/DiskSelection.
DEBUG:dasbus.connection:Publishing an object at /org/fedoraproject/Anaconda/Modules/Storage/Snapshot.
DEBUG:dasbus.connection:Publishing an object at /org/fedoraproject/Anaconda/Modules/Storage/Bootloader.
DEBUG:dasbus.connection:Publishing an object at /org/fedoraproject/Anaconda/Modules/Storage/FCoE.
DEBUG:dasbus.connection:Publishing an object at /org/fedoraproject/Anaconda/Modules/Storage/iSCSI.
DEBUG:dasbus.connection:Publishing an object at /org/fedoraproject/Anaconda/Modules/Storage/NVMe.
DEBUG:dasbus.connection:Publishing an object at /org/fedoraproject/Anaconda/Modules/Storage/DASD.
DEBUG:dasbus.connection:Publishing an object at /org/fedoraproject/Anaconda/Modules/Storage/zFCP.
DEBUG:dasbus.connection:Publishing an object at /org/fedoraproject/Anaconda/Modules/Storage.
DEBUG:dasbus.connection:Registering a service name org.fedoraproject.Anaconda.Modules.Storage.
DEBUG:anaconda.modules.common.base.base:Start the loop.
WARNING:py.warnings:/usr/lib64/python3.14/site-packages/gi/events.py:803: DeprecationWarning: 'asyncio.AbstractEventLoopPolicy' is deprecated and slated for removal in Python 3.16
  AbstractEventLoopPolicy = getattr(asyncio, "AbstractEventLoopPolicy", object)

DEBUG:anaconda.modules.common.base.base:Locale is set to en_US.UTF-8.
DEBUG:anaconda.modules.storage.checker.checker:Constraint 'min_ram' is set to '429916160'.
DEBUG:anaconda.modules.storage.disk_selection.selection:Disk images are set to '{}'.
DEBUG:anaconda.storage:Creating a copy of the storage model.
DEBUG:blivet:starting Blivet copy
DEBUG:blivet:finished Blivet copy
DEBUG:anaconda.storage:Finished a copy of the storage model.
DEBUG:dasbus.connection:Publishing an object at /org/fedoraproject/Anaconda/Modules/Storage/Task/1.
INFO:anaconda.core.threads:Running Thread: AnaTaskThread-ScanDevicesTask-1 (140654262445760)
INFO:anaconda.modules.common.task.task:Scan all devices
INFO:program:Running... systemctl start iscsi-init.service
DEBUG:program:Return code: 0
INFO:blivet:no initiator set
INFO:blivet:resetting Blivet (version 3.14.2) instance <pyanaconda.modules.storage.devicetree.model.InstallerStorage object at 0x7fec9f6fdd10>
DEBUG:blivet:lvm filter: clearing the lvm devices list
INFO:blivet:DeviceTree.populate: ignored_disks is [] ; exclusive_disks is []
WARNING:blivet:Failed to call the update_volume_info method: libstoragemgmt functionality not available
INFO:program:Running [2] multipath --version ...
INFO:program:stdout[2]: 
INFO:program:stderr[2]: Unknown switch: (null)
multipath-tools v0.13.1 (01/20, 2026)
Usage:
  multipath [-v level] [-B|-d|-i|-q|-r] [-b file] [-p policy] [device]
  multipath [-v level] [-R retries] -f device
  multipath [-v level] [-R retries] -F
  multipath [-v level] [-l|-ll] [device]
  multipath [-v level] [-a|-w] device
  multipath [-v level] [-A|-W]
  multipath [-v level] [-i] [-c|-C] device
  multipath [-v level] [-i] [-u|-U]
  multipath [-h|-t|-T]

Where:
  -h      print this usage text
  -l      show multipath topology (sysfs and DM info)
  -ll     show multipath topology (maximum info)
  -e      enable foreign libraries with -l/-ll
  -f      flush a multipath device map
  -F      flush all multipath device maps
  -a      add a device wwid to the wwids file
  -A      add devices from kernel command line mpath.wwids
          parameters to wwids file
  -c      check if a device should be a path in a multipath device
  -C      check if a multipath device has usable paths
  -q      allow queue_if_no_path when multipathd is not running
  -d      dry run, do not create or update devmaps
  -t      display the currently used multipathd configuration
  -T      display the multipathd configuration without builtin defaults
  -r      force devmap reload
  -i      ignore wwids file
  -B      treat the bindings file as read only
  -b fil  bindings file location
  -w      remove a device from the wwids file
  -W      reset the wwids file include only the current devices
  -R num  number of times to retry removes of in-use devices
  -u      check if the device specified in the program environment should be a
          path in a multipath device
  -U      check if the device specified in the program environment is a
          multipath device with usable paths, see -C flag
  -p pol  force all maps to specified path grouping policy:
          . failover            one path per priority group
          . multibus            all paths in one priority group
          . group_by_serial     one priority group per serial
          . group_by_prio       one priority group per priority lvl
          . group_by_node_name  one priority group per target node
          . group_by_tpg        one priority group per ALUA target port group
  -v lvl  verbosity level:
          . 0 no output
          . 1 print created devmap names only
          . 2 default verbosity
          . 3 print debug information
  device  action limited to:
          . multipath named 'device' (ex: mpath0)
          . multipath whose wwid is 'device' (ex: 60051...)
          . multipath including the path named 'device' (ex: /dev/sda or
            /dev/dm-0)
          . multipath including the path with maj:min 'device' (ex: 8:0)

INFO:program:...done [2] (exit code: 1)
INFO:program:Running [3] mpathconf --find_multipaths y --user_friendly_names y --with_multipathd y ...
INFO:program:stdout[3]: 
INFO:program:stderr[3]: 
INFO:program:...done [3] (exit code: 0)
INFO:program:Running... udevadm settle --timeout=300
DEBUG:program:Return code: 0
DEBUG:testdata:sysfs attr /sys/class/block/sdb/device/model: 53544f5245204e20474f2020202020200a
DEBUG:testdata:sysfs attr /sys/class/block/sda/device/model: 53616e4469736b2053443953423857320a
DEBUG:testdata:sysfs attr /sys/class/block/sr0/device/model: 44564452414d20475545314e202020200a
INFO:blivet:devices to scan: ['sdb', 'sdb1', 'sdb2', 'sdb3', 'sda', 'sda1', 'sda2', 'sr0', 'mmcblk0', 'mmcblk0p1', 'loop0']
DEBUG:blivet:                  DeviceTree.handle_device: name: sdb ; info: {'CURRENT_TAGS': ':systemd:',
 'DEVLINKS': '/dev/disk/by-id/usb-Verbatim_STORE_N_GO_23101277640321-0:0 '
             '/dev/disk/by-path/pci-0000:00:14.0-usb-0:3:1.0-scsi-0:0:0:0 '
             '/dev/disk/by-path/pci-0000:00:14.0-usbv2-0:3:1.0-scsi-0:0:0:0 '
             '/dev/disk/by-label/Fedora-S-dvd-x86_64-44 '
             '/dev/disk/by-uuid/2026-10-03-12-20-30-00 /dev/disk/by-diskseq/5',
 'DEVNAME': '/dev/sdb',
 'DEVPATH': '/devices/pci0000:00/0000:00:14.0/usb1/1-3/1-3:1.0/host2/target2:0:0/2:0:0:0/block/sdb',
 'DEVTYPE': 'disk',
 'DISKSEQ': '5',
 'DM_MULTIPATH_DEVICE_PATH': '0',
 'ID_BUS': 'usb',
 'ID_FS_BLOCKSIZE': '2048',
 'ID_FS_BOOT_SYSTEM_ID': 'EL\\x20TORITO\\x20SPECIFICATION',
 'ID_FS_DATA_PREPARER_ID': 'XORRISO-1.5.8\\x202026.05.22.150001\\x2c\\x20LIBISOBURN-1.5.8\\x2c\\x20LIBISOFS-1.5.8\\x2c\\x20LIBBURN-1.5.8',
 'ID_FS_LABEL': 'Fedora-S-dvd-x86_64-44',
 'ID_FS_LABEL_ENC': 'Fedora-S-dvd-x86_64-44',
 'ID_FS_SIZE': '3856891904',
 'ID_FS_SYSTEM_ID': 'LINUX',
 'ID_FS_TYPE': 'iso9660',
 'ID_FS_USAGE': 'filesystem',
 'ID_FS_UUID': '2026-10-03-12-20-30-00',
 'ID_FS_UUID_ENC': '2026-10-03-12-20-30-00',
 'ID_FS_VERSION': 'Joliet Extension',
 'ID_INSTANCE': '0:0',
 'ID_MODEL': 'STORE_N_GO',
 'ID_MODEL_ENC': 'STORE\\x20N\\x20GO\\x20\\x20\\x20\\x20\\x20\\x20',
 'ID_MODEL_ID': '0251',
 'ID_PART_TABLE_TYPE': 'gpt',
 'ID_PART_TABLE_UUID': '2fa0de9c-e455-4508-9b7b-e309ee6cfde1',
 'ID_PATH': 'pci-0000:00:14.0-usb-0:3:1.0-scsi-0:0:0:0',
 'ID_PATH_TAG': 'pci-0000_00_14_0-usb-0_3_1_0-scsi-0_0_0_0',
 'ID_PATH_WITH_USB_REVISION': 'pci-0000:00:14.0-usbv2-0:3:1.0-scsi-0:0:0:0',
 'ID_REVISION': '8.07',
 'ID_SCSI': '1',
 'ID_SCSI_INQUIRY': '1',
 'ID_SERIAL': 'Verbatim_STORE_N_GO_23101277640321-0:0',
 'ID_SERIAL_SHORT': '23101277640321',
 'ID_TYPE': 'disk',
 'ID_USB_DRIVER': 'usb-storage',
 'ID_USB_INSTANCE': '0:0',
 'ID_USB_INTERFACES': ':080650:',
 'ID_USB_INTERFACE_NUM': '00',
 'ID_USB_MODEL': 'STORE_N_GO',
 'ID_USB_MODEL_ENC': 'STORE\\x20N\\x20GO\\x20\\x20\\x20\\x20\\x20\\x20',
 'ID_USB_MODEL_ID': '0251',
 'ID_USB_REVISION': '8.07',
 'ID_USB_SERIAL': 'Verbatim_STORE_N_GO_23101277640321-0:0',
 'ID_USB_SERIAL_SHORT': '23101277640321',
 'ID_USB_TYPE': 'disk',
 'ID_USB_VENDOR': 'Verbatim',
 'ID_USB_VENDOR_ENC': 'Verbatim',
 'ID_USB_VENDOR_ID': '18a5',
 'ID_VENDOR': 'Verbatim',
 'ID_VENDOR_ENC': 'Verbatim',
 'ID_VENDOR_ID': '18a5',
 'MAJOR': '8',
 'MINOR': '16',
 'NVME_HOST_IFACE': 'none',
 'SCSI_MODEL': 'STORE_N_GO',
 'SCSI_MODEL_ENC': 'STORE\\x20N\\x20GO\\x20\\x20\\x20\\x20\\x20\\x20',
 'SCSI_REVISION': '8.07',
 'SCSI_TPGS': '0',
 'SCSI_TYPE': 'disk',
 'SCSI_VENDOR': 'Verbatim',
 'SCSI_VENDOR_ENC': 'Verbatim',
 'SUBSYSTEM': 'block',
 'SYS_NAME': 'sdb',
 'SYS_PATH': '/sys/devices/pci0000:00/0000:00:14.0/usb1/1-3/1-3:1.0/host2/target2:0:0/2:0:0:0/block/sdb',
 'TAGS': ':systemd:',
 'USEC_INITIALIZED': '26769411'} ;
INFO:blivet:scanning sdb (/sys/devices/pci0000:00/0000:00:14.0/usb1/1-3/1-3:1.0/host2/target2:0:0/2:0:0:0/block/sdb)...
DEBUG:testdata:sysfs attr /sys/devices/pci0000:00/0000:00:14.0/usb1/1-3/1-3:1.0/host2/target2:0:0/2:0:0:0/block/sdb/hidden: 300a
DEBUG:blivet:                    DeviceTree.get_device_by_name: name: sdb ; incomplete: False ; hidden: False ;
DEBUG:blivet:                    DeviceTree.get_device_by_name returned None
INFO:program:Running [4] mdadm --version ...
INFO:program:stdout[4]: 
INFO:program:stderr[4]: mdadm - v4.3 - 2024-02-15

INFO:program:...done [4] (exit code: 0)
INFO:program:Running [5] dmsetup --version ...
INFO:program:stdout[5]: Library version:   1.02.212 (2025-12-15)
Driver version:    4.50.0

INFO:program:stderr[5]: 
INFO:program:...done [5] (exit code: 0)
DEBUG:blivet:                   DiskDevicePopulator.run: name: sdb ;
DEBUG:testdata:sysfs attr /sys/devices/pci0000:00/0000:00:14.0/usb1/1-3/1-3:1.0/host2/target2:0:0/2:0:0:0/block/sdb/device/vendor: 566572626174696d0a
DEBUG:testdata:sysfs attr /sys/devices/pci0000:00/0000:00:14.0/usb1/1-3/1-3:1.0/host2/target2:0:0/2:0:0:0/block/sdb/device/model: 53544f5245204e20474f2020202020200a
INFO:blivet:sdb is a disk
DEBUG:blivet:get_format('None') returning DeviceFormat instance with object id 5
DEBUG:blivet:get_format('None') returning DeviceFormat instance with object id 6
DEBUG:blivet:                           DiskDevice._set_format: sdb ; type: None ; current: None ;
DEBUG:blivet:                         DiskDevice.update_sysfs_path: sdb ; status: True ;
DEBUG:blivet:sdb sysfs_path set to /sys/devices/pci0000:00/0000:00:14.0/usb1/1-3/1-3:1.0/host2/target2:0:0/2:0:0:0/block/sdb
DEBUG:blivet:                             DiskDevice.read_current_size: exists: True ; path: /dev/sdb ; sysfs_path: /sys/devices/pci0000:00/0000:00:14.0/usb1/1-3/1-3:1.0/host2/target2:0:0/2:0:0:0/block/sdb ;
DEBUG:testdata:sysfs attr /sys/devices/pci0000:00/0000:00:14.0/usb1/1-3/1-3:1.0/host2/target2:0:0/2:0:0:0/block/sdb/size: 36303632303830300a
DEBUG:blivet:updated sdb size to 28.91 GiB (28.91 GiB)
DEBUG:testdata:sysfs attr /sys/devices/pci0000:00/0000:00:14.0/usb1/1-3/1-3:1.0/host2/target2:0:0/2:0:0:0/block/sdb/queue/rotational: 310a
INFO:blivet:added disk sdb (id 4) to device tree
INFO:blivet:got device: DiskDevice instance (0x7fec9f6a1d30) --
  name = sdb  status = True  id = 4
  children = []
  parents = []
  uuid = None  size = 28.91 GiB
  format = existing None
  major = 8  minor = 16  exists = True  protected = False
  sysfs path = /sys/devices/pci0000:00/0000:00:14.0/usb1/1-3/1-3:1.0/host2/target2:0:0/2:0:0:0/block/sdb
  target size = 28.91 GiB  path = /dev/sdb
  format args = []  original_format = None  removable = True  wwn = None
DEBUG:testdata:sysfs attr /sys/devices/pci0000:00/0000:00:14.0/usb1/1-3/1-3:1.0/host2/target2:0:0/2:0:0:0/block/sdb/ro: 300a
DEBUG:blivet:                    DeviceTree.handle_format: name: sdb ;
DEBUG:blivet:                                EFIFS.supported: supported: True ;
INFO:program:[libmkod] custom logging function 0x7feca7856930 registered

INFO:program:[libmkod] context 0x7fec9403a9d0 released

DEBUG:blivet:get_format('efi') returning EFIFS instance with object id 8
DEBUG:blivet:                                  MacEFIFS.supported: supported: True ;
DEBUG:blivet:get_format('macefi') returning MacEFIFS instance with object id 9
DEBUG:blivet:                                   MacEFIFS.supported: supported: True ;
DEBUG:blivet:get_format('macefi') returning MacEFIFS instance with object id 10
INFO:blivet:type detected on 'sdb' is 'iso9660'
DEBUG:blivet:                          Iso9660FS.supported: supported: True ;
DEBUG:blivet:get_format('iso9660') returning Iso9660FS instance with object id 11
DEBUG:blivet:                         DiskDevice._set_format: sdb ; type: iso9660 ; current: None ;
INFO:blivet:got format: existing iso9660 filesystem
DEBUG:blivet:                  DeviceTree.handle_device: name: sdb1 ; info: {'CURRENT_TAGS': ':systemd:',
 'DEVLINKS': '/dev/disk/by-path/pci-0000:00:14.0-usb-0:3:1.0-scsi-0:0:0:0-part/by-uuid/2026-10-03-12-20-30-00 '
             '/dev/disk/by-path/pci-0000:00:14.0-usb-0:3:1.0-scsi-0:0:0:0-part/by-partuuid/2fa0de9c-e455-4508-9b7a-e309ee6cfde1 '
             '/dev/disk/by-path/pci-0000:00:14.0-usb-0:3:1.0-scsi-0:0:0:0-part1 '
             '/dev/disk/by-path/pci-0000:00:14.0-usb-0:3:1.0-scsi-0:0:0:0-part/by-partnum/1 '
             '/dev/disk/by-id/usb-Verbatim_STORE_N_GO_23101277640321-0:0-part1 '
             '/dev/disk/by-path/pci-0000:00:14.0-usb-0:3:1.0-scsi-0:0:0:0-part/by-partlabel/ISO9660 '
             '/dev/disk/by-uuid/2026-10-03-12-20-30-00 '
             '/dev/disk/by-label/Fedora-S-dvd-x86_64-44 '
             '/dev/disk/by-partlabel/ISO9660 '
             '/dev/disk/by-path/pci-0000:00:14.0-usbv2-0:3:1.0-scsi-0:0:0:0-part1 '
             '/dev/disk/by-path/pci-0000:00:14.0-usb-0:3:1.0-scsi-0:0:0:0-part/by-label/Fedora-S-dvd-x86_64-44 '
             '/dev/disk/by-partuuid/2fa0de9c-e455-4508-9b7a-e309ee6cfde1 '
             '/dev/disk/by-diskseq/5-part1',
 'DEVNAME': '/dev/sdb1',
 'DEVPATH': '/devices/pci0000:00/0000:00:14.0/usb1/1-3/1-3:1.0/host2/target2:0:0/2:0:0:0/block/sdb/sdb1',
 'DEVTYPE': 'partition',
 'DISKSEQ': '5',
 'DM_MULTIPATH_DEVICE_PATH': '0',
 'ID_BUS': 'usb',
 'ID_FS_BLOCKSIZE': '2048',
 'ID_FS_DATA_PREPARER_ID': 'XORRISO-1.5.8\\x202026.05.22.150001\\x2c\\x20LIBISOBURN-1.5.8\\x2c\\x20LIBISOFS-1.5.8\\x2c\\x20LIBBURN-1.5.8',
 'ID_FS_LABEL': 'Fedora-S-dvd-x86_64-44',
 'ID_FS_LABEL_ENC': 'Fedora-S-dvd-x86_64-44',
 'ID_FS_SIZE': '3835547648',
 'ID_FS_SYSTEM_ID': 'LINUX',
 'ID_FS_TYPE': 'iso9660',
 'ID_FS_USAGE': 'filesystem',
 'ID_FS_UUID': '2026-10-03-12-20-30-00',
 'ID_FS_UUID_ENC': '2026-10-03-12-20-30-00',
 'ID_FS_VERSION': 'Joliet Extension',
 'ID_INSTANCE': '0:0',
 'ID_MODEL': 'STORE_N_GO',
 'ID_MODEL_ENC': 'STORE\\x20N\\x20GO\\x20\\x20\\x20\\x20\\x20\\x20',
 'ID_MODEL_ID': '0251',
 'ID_PART_ENTRY_DISK': '8:16',
 'ID_PART_ENTRY_FLAGS': '0x1000000000000001',
 'ID_PART_ENTRY_NAME': 'ISO9660',
 'ID_PART_ENTRY_NUMBER': '1',
 'ID_PART_ENTRY_OFFSET': '64',
 'ID_PART_ENTRY_SCHEME': 'gpt',
 'ID_PART_ENTRY_SIZE': '7491304',
 'ID_PART_ENTRY_TYPE': 'ebd0a0a2-b9e5-4433-87c0-68b6b72699c7',
 'ID_PART_ENTRY_UUID': '2fa0de9c-e455-4508-9b7a-e309ee6cfde1',
 'ID_PART_TABLE_TYPE': 'gpt',
 'ID_PART_TABLE_UUID': '2fa0de9c-e455-4508-9b7b-e309ee6cfde1',
 'ID_PATH': 'pci-0000:00:14.0-usb-0:3:1.0-scsi-0:0:0:0',
 'ID_PATH_TAG': 'pci-0000_00_14_0-usb-0_3_1_0-scsi-0_0_0_0',
 'ID_PATH_WITH_USB_REVISION': 'pci-0000:00:14.0-usbv2-0:3:1.0-scsi-0:0:0:0',
 'ID_REVISION': '8.07',
 'ID_SCSI': '1',
 'ID_SCSI_INQUIRY': '1',
 'ID_SERIAL': 'Verbatim_STORE_N_GO_23101277640321-0:0',
 'ID_SERIAL_SHORT': '23101277640321',
 'ID_TYPE': 'disk',
 'ID_USB_DRIVER': 'usb-storage',
 'ID_USB_INSTANCE': '0:0',
 'ID_USB_INTERFACES': ':080650:',
 'ID_USB_INTERFACE_NUM': '00',
 'ID_USB_MODEL': 'STORE_N_GO',
 'ID_USB_MODEL_ENC': 'STORE\\x20N\\x20GO\\x20\\x20\\x20\\x20\\x20\\x20',
 'ID_USB_MODEL_ID': '0251',
 'ID_USB_REVISION': '8.07',
 'ID_USB_SERIAL': 'Verbatim_STORE_N_GO_23101277640321-0:0',
 'ID_USB_SERIAL_SHORT': '23101277640321',
 'ID_USB_TYPE': 'disk',
 'ID_USB_VENDOR': 'Verbatim',
 'ID_USB_VENDOR_ENC': 'Verbatim',
 'ID_USB_VENDOR_ID': '18a5',
 'ID_VENDOR': 'Verbatim',
 'ID_VENDOR_ENC': 'Verbatim',
 'ID_VENDOR_ID': '18a5',
 'MAJOR': '8',
 'MINOR': '17',
 'NVME_HOST_IFACE': 'none',
 'PARTN': '1',
 'PARTNAME': 'ISO9660',
 'PARTUUID': '2fa0de9c-e455-4508-9b7a-e309ee6cfde1',
 'SCSI_MODEL': 'STORE_N_GO',
 'SCSI_MODEL_ENC': 'STORE\\x20N\\x20GO\\x20\\x20\\x20\\x20\\x20\\x20',
 'SCSI_REVISION': '8.07',
 'SCSI_TPGS': '0',
 'SCSI_TYPE': 'disk',
 'SCSI_VENDOR': 'Verbatim',
 'SCSI_VENDOR_ENC': 'Verbatim',
 'SUBSYSTEM': 'block',
 'SYS_NAME': 'sdb1',
 'SYS_PATH': '/sys/devices/pci0000:00/0000:00:14.0/usb1/1-3/1-3:1.0/host2/target2:0:0/2:0:0:0/block/sdb/sdb1',
 'TAGS': ':systemd:',
 'USEC_INITIALIZED': '26769591'} ;
INFO:blivet:scanning sdb1 (/sys/devices/pci0000:00/0000:00:14.0/usb1/1-3/1-3:1.0/host2/target2:0:0/2:0:0:0/block/sdb/sdb1)...
WARNING:blivet:hidden is not a valid attribute
DEBUG:blivet:                    DeviceTree.get_device_by_name: name: sdb1 ; incomplete: False ; hidden: False ;
DEBUG:blivet:                    DeviceTree.get_device_by_name returned None
DEBUG:blivet:                   PartitionDevicePopulator.run: name: sdb1 ;
DEBUG:blivet:                     DeviceTree.get_device_by_name: name: sdb1 ; incomplete: False ; hidden: False ;
DEBUG:blivet:                     DeviceTree.get_device_by_name returned None
INFO:program:Running... udevadm settle --timeout=300
DEBUG:program:Return code: 0
DEBUG:testdata:sysfs attr /sys/class/block/sdb/device/model: 53544f5245204e20474f2020202020200a
DEBUG:testdata:sysfs attr /sys/class/block/sda/device/model: 53616e4469736b2053443953423857320a
DEBUG:testdata:sysfs attr /sys/class/block/sr0/device/model: 44564452414d20475545314e202020200a
DEBUG:blivet:                     DeviceTree.get_device_by_name: name: sdb ; incomplete: False ; hidden: False ;
DEBUG:blivet:                     DeviceTree.get_device_by_name returned existing 28.91 GiB disk sdb (4) with existing iso9660 filesystem
DEBUG:blivet:ignoring partition sdb1 on iso9660
DEBUG:blivet:no device obtained for sdb1
DEBUG:blivet:                  DeviceTree.handle_device: name: sdb2 ; info: {'CURRENT_TAGS': ':systemd:',
 'DEVLINKS': '/dev/disk/by-path/pci-0000:00:14.0-usb-0:3:1.0-scsi-0:0:0:0-part/by-partnum/2 '
             '/dev/disk/by-path/pci-0000:00:14.0-usb-0:3:1.0-scsi-0:0:0:0-part2 '
             '/dev/disk/by-id/usb-Verbatim_STORE_N_GO_23101277640321-0:0-part2 '
             '/dev/disk/by-diskseq/5-part2 /dev/disk/by-partlabel/Appended2 '
             '/dev/disk/by-path/pci-0000:00:14.0-usb-0:3:1.0-scsi-0:0:0:0-part/by-partlabel/Appended2 '
             '/dev/disk/by-path/pci-0000:00:14.0-usb-0:3:1.0-scsi-0:0:0:0-part/by-partuuid/2fa0de9c-e455-4508-9b79-e309ee6cfde1 '
             '/dev/disk/by-path/pci-0000:00:14.0-usbv2-0:3:1.0-scsi-0:0:0:0-part2 '
             '/dev/disk/by-path/pci-0000:00:14.0-usb-0:3:1.0-scsi-0:0:0:0-part/by-uuid/90AC-3357 '
             '/dev/disk/by-partuuid/2fa0de9c-e455-4508-9b79-e309ee6cfde1 '
             '/dev/disk/by-uuid/90AC-3357',
 'DEVNAME': '/dev/sdb2',
 'DEVPATH': '/devices/pci0000:00/0000:00:14.0/usb1/1-3/1-3:1.0/host2/target2:0:0/2:0:0:0/block/sdb/sdb2',
 'DEVTYPE': 'partition',
 'DISKSEQ': '5',
 'DM_MULTIPATH_DEVICE_PATH': '0',
 'ID_BUS': 'usb',
 'ID_FS_BLOCKSIZE': '2048',
 'ID_FS_SIZE': '20971520',
 'ID_FS_TYPE': 'vfat',
 'ID_FS_USAGE': 'filesystem',
 'ID_FS_UUID': '90AC-3357',
 'ID_FS_UUID_ENC': '90AC-3357',
 'ID_FS_VERSION': 'FAT16',
 'ID_INSTANCE': '0:0',
 'ID_MODEL': 'STORE_N_GO',
 'ID_MODEL_ENC': 'STORE\\x20N\\x20GO\\x20\\x20\\x20\\x20\\x20\\x20',
 'ID_MODEL_ID': '0251',
 'ID_PART_ENTRY_DISK': '8:16',
 'ID_PART_ENTRY_NAME': 'Appended2',
 'ID_PART_ENTRY_NUMBER': '2',
 'ID_PART_ENTRY_OFFSET': '7491368',
 'ID_PART_ENTRY_SCHEME': 'gpt',
 'ID_PART_ENTRY_SIZE': '40960',
 'ID_PART_ENTRY_TYPE': 'c12a7328-f81f-11d2-ba4b-00a0c93ec93b',
 'ID_PART_ENTRY_UUID': '2fa0de9c-e455-4508-9b79-e309ee6cfde1',
 'ID_PART_TABLE_TYPE': 'gpt',
 'ID_PART_TABLE_UUID': '2fa0de9c-e455-4508-9b7b-e309ee6cfde1',
 'ID_PATH': 'pci-0000:00:14.0-usb-0:3:1.0-scsi-0:0:0:0',
 'ID_PATH_TAG': 'pci-0000_00_14_0-usb-0_3_1_0-scsi-0_0_0_0',
 'ID_PATH_WITH_USB_REVISION': 'pci-0000:00:14.0-usbv2-0:3:1.0-scsi-0:0:0:0',
 'ID_REVISION': '8.07',
 'ID_SCSI': '1',
 'ID_SCSI_INQUIRY': '1',
 'ID_SERIAL': 'Verbatim_STORE_N_GO_23101277640321-0:0',
 'ID_SERIAL_SHORT': '23101277640321',
 'ID_TYPE': 'disk',
 'ID_USB_DRIVER': 'usb-storage',
 'ID_USB_INSTANCE': '0:0',
 'ID_USB_INTERFACES': ':080650:',
 'ID_USB_INTERFACE_NUM': '00',
 'ID_USB_MODEL': 'STORE_N_GO',
 'ID_USB_MODEL_ENC': 'STORE\\x20N\\x20GO\\x20\\x20\\x20\\x20\\x20\\x20',
 'ID_USB_MODEL_ID': '0251',
 'ID_USB_REVISION': '8.07',
 'ID_USB_SERIAL': 'Verbatim_STORE_N_GO_23101277640321-0:0',
 'ID_USB_SERIAL_SHORT': '23101277640321',
 'ID_USB_TYPE': 'disk',
 'ID_USB_VENDOR': 'Verbatim',
 'ID_USB_VENDOR_ENC': 'Verbatim',
 'ID_USB_VENDOR_ID': '18a5',
 'ID_VENDOR': 'Verbatim',
 'ID_VENDOR_ENC': 'Verbatim',
 'ID_VENDOR_ID': '18a5',
 'MAJOR': '8',
 'MINOR': '18',
 'NVME_HOST_IFACE': 'none',
 'PARTN': '2',
 'PARTNAME': 'Appended2',
 'PARTUUID': '2fa0de9c-e455-4508-9b79-e309ee6cfde1',
 'SCSI_MODEL': 'STORE_N_GO',
 'SCSI_MODEL_ENC': 'STORE\\x20N\\x20GO\\x20\\x20\\x20\\x20\\x20\\x20',
 'SCSI_REVISION': '8.07',
 'SCSI_TPGS': '0',
 'SCSI_TYPE': 'disk',
 'SCSI_VENDOR': 'Verbatim',
 'SCSI_VENDOR_ENC': 'Verbatim',
 'SUBSYSTEM': 'block',
 'SYS_NAME': 'sdb2',
 'SYS_PATH': '/sys/devices/pci0000:00/0000:00:14.0/usb1/1-3/1-3:1.0/host2/target2:0:0/2:0:0:0/block/sdb/sdb2',
 'TAGS': ':systemd:',
 'UDISKS_IGNORE': '1',
 'USEC_INITIALIZED': '26769759'} ;
INFO:blivet:scanning sdb2 (/sys/devices/pci0000:00/0000:00:14.0/usb1/1-3/1-3:1.0/host2/target2:0:0/2:0:0:0/block/sdb/sdb2)...
WARNING:blivet:hidden is not a valid attribute
DEBUG:blivet:                    DeviceTree.get_device_by_name: name: sdb2 ; incomplete: False ; hidden: False ;
DEBUG:blivet:                    DeviceTree.get_device_by_name returned None
DEBUG:blivet:                   PartitionDevicePopulator.run: name: sdb2 ;
DEBUG:blivet:                     DeviceTree.get_device_by_name: name: sdb2 ; incomplete: False ; hidden: False ;
DEBUG:blivet:                     DeviceTree.get_device_by_name returned None
INFO:program:Running... udevadm settle --timeout=300
DEBUG:program:Return code: 0
DEBUG:testdata:sysfs attr /sys/class/block/sdb/device/model: 53544f5245204e20474f2020202020200a
DEBUG:testdata:sysfs attr /sys/class/block/sda/device/model: 53616e4469736b2053443953423857320a
DEBUG:testdata:sysfs attr /sys/class/block/sr0/device/model: 44564452414d20475545314e202020200a
DEBUG:blivet:                     DeviceTree.get_device_by_name: name: sdb ; incomplete: False ; hidden: False ;
DEBUG:blivet:                     DeviceTree.get_device_by_name returned existing 28.91 GiB disk sdb (4) with existing iso9660 filesystem
DEBUG:blivet:ignoring partition sdb2 on iso9660
DEBUG:blivet:no device obtained for sdb2
DEBUG:blivet:                  DeviceTree.handle_device: name: sdb3 ; info: {'CURRENT_TAGS': ':systemd:',
 'DEVLINKS': '/dev/disk/by-diskseq/5-part3 '
             '/dev/disk/by-path/pci-0000:00:14.0-usb-0:3:1.0-scsi-0:0:0:0-part/by-partlabel/Gap1 '
             '/dev/disk/by-path/pci-0000:00:14.0-usb-0:3:1.0-scsi-0:0:0:0-part3 '
             '/dev/disk/by-path/pci-0000:00:14.0-usbv2-0:3:1.0-scsi-0:0:0:0-part3 '
             '/dev/disk/by-path/pci-0000:00:14.0-usb-0:3:1.0-scsi-0:0:0:0-part/by-partnum/3 '
             '/dev/disk/by-path/pci-0000:00:14.0-usb-0:3:1.0-scsi-0:0:0:0-part/by-partuuid/2fa0de9c-e455-4508-9b78-e309ee6cfde1 '
             '/dev/disk/by-partuuid/2fa0de9c-e455-4508-9b78-e309ee6cfde1 '
             '/dev/disk/by-id/usb-Verbatim_STORE_N_GO_23101277640321-0:0-part3 '
             '/dev/disk/by-partlabel/Gap1',
 'DEVNAME': '/dev/sdb3',
 'DEVPATH': '/devices/pci0000:00/0000:00:14.0/usb1/1-3/1-3:1.0/host2/target2:0:0/2:0:0:0/block/sdb/sdb3',
 'DEVTYPE': 'partition',
 'DISKSEQ': '5',
 'DM_MULTIPATH_DEVICE_PATH': '0',
 'ID_BUS': 'usb',
 'ID_INSTANCE': '0:0',
 'ID_MODEL': 'STORE_N_GO',
 'ID_MODEL_ENC': 'STORE\\x20N\\x20GO\\x20\\x20\\x20\\x20\\x20\\x20',
 'ID_MODEL_ID': '0251',
 'ID_PART_ENTRY_DISK': '8:16',
 'ID_PART_ENTRY_FLAGS': '0x1000000000000001',
 'ID_PART_ENTRY_NAME': 'Gap1',
 'ID_PART_ENTRY_NUMBER': '3',
 'ID_PART_ENTRY_OFFSET': '7532328',
 'ID_PART_ENTRY_SCHEME': 'gpt',
 'ID_PART_ENTRY_SIZE': '600',
 'ID_PART_ENTRY_TYPE': 'ebd0a0a2-b9e5-4433-87c0-68b6b72699c7',
 'ID_PART_ENTRY_UUID': '2fa0de9c-e455-4508-9b78-e309ee6cfde1',
 'ID_PART_TABLE_TYPE': 'gpt',
 'ID_PART_TABLE_UUID': '2fa0de9c-e455-4508-9b7b-e309ee6cfde1',
 'ID_PATH': 'pci-0000:00:14.0-usb-0:3:1.0-scsi-0:0:0:0',
 'ID_PATH_TAG': 'pci-0000_00_14_0-usb-0_3_1_0-scsi-0_0_0_0',
 'ID_PATH_WITH_USB_REVISION': 'pci-0000:00:14.0-usbv2-0:3:1.0-scsi-0:0:0:0',
 'ID_REVISION': '8.07',
 'ID_SCSI': '1',
 'ID_SCSI_INQUIRY': '1',
 'ID_SERIAL': 'Verbatim_STORE_N_GO_23101277640321-0:0',
 'ID_SERIAL_SHORT': '23101277640321',
 'ID_TYPE': 'disk',
 'ID_USB_DRIVER': 'usb-storage',
 'ID_USB_INSTANCE': '0:0',
 'ID_USB_INTERFACES': ':080650:',
 'ID_USB_INTERFACE_NUM': '00',
 'ID_USB_MODEL': 'STORE_N_GO',
 'ID_USB_MODEL_ENC': 'STORE\\x20N\\x20GO\\x20\\x20\\x20\\x20\\x20\\x20',
 'ID_USB_MODEL_ID': '0251',
 'ID_USB_REVISION': '8.07',
 'ID_USB_SERIAL': 'Verbatim_STORE_N_GO_23101277640321-0:0',
 'ID_USB_SERIAL_SHORT': '23101277640321',
 'ID_USB_TYPE': 'disk',
 'ID_USB_VENDOR': 'Verbatim',
 'ID_USB_VENDOR_ENC': 'Verbatim',
 'ID_USB_VENDOR_ID': '18a5',
 'ID_VENDOR': 'Verbatim',
 'ID_VENDOR_ENC': 'Verbatim',
 'ID_VENDOR_ID': '18a5',
 'MAJOR': '8',
 'MINOR': '19',
 'NVME_HOST_IFACE': 'none',
 'PARTN': '3',
 'PARTNAME': 'Gap1',
 'PARTUUID': '2fa0de9c-e455-4508-9b78-e309ee6cfde1',
 'SCSI_MODEL': 'STORE_N_GO',
 'SCSI_MODEL_ENC': 'STORE\\x20N\\x20GO\\x20\\x20\\x20\\x20\\x20\\x20',
 'SCSI_REVISION': '8.07',
 'SCSI_TPGS': '0',
 'SCSI_TYPE': 'disk',
 'SCSI_VENDOR': 'Verbatim',
 'SCSI_VENDOR_ENC': 'Verbatim',
 'SUBSYSTEM': 'block',
 'SYS_NAME': 'sdb3',
 'SYS_PATH': '/sys/devices/pci0000:00/0000:00:14.0/usb1/1-3/1-3:1.0/host2/target2:0:0/2:0:0:0/block/sdb/sdb3',
 'TAGS': ':systemd:',
 'USEC_INITIALIZED': '26769925'} ;
INFO:blivet:scanning sdb3 (/sys/devices/pci0000:00/0000:00:14.0/usb1/1-3/1-3:1.0/host2/target2:0:0/2:0:0:0/block/sdb/sdb3)...
WARNING:blivet:hidden is not a valid attribute
DEBUG:blivet:                    DeviceTree.get_device_by_name: name: sdb3 ; incomplete: False ; hidden: False ;
DEBUG:blivet:                    DeviceTree.get_device_by_name returned None
DEBUG:blivet:                   PartitionDevicePopulator.run: name: sdb3 ;
DEBUG:blivet:                     DeviceTree.get_device_by_name: name: sdb3 ; incomplete: False ; hidden: False ;
DEBUG:blivet:                     DeviceTree.get_device_by_name returned None
INFO:program:Running... udevadm settle --timeout=300
DEBUG:program:Return code: 0
DEBUG:testdata:sysfs attr /sys/class/block/sdb/device/model: 53544f5245204e20474f2020202020200a
DEBUG:testdata:sysfs attr /sys/class/block/sda/device/model: 53616e4469736b2053443953423857320a
DEBUG:testdata:sysfs attr /sys/class/block/sr0/device/model: 44564452414d20475545314e202020200a
DEBUG:blivet:                     DeviceTree.get_device_by_name: name: sdb ; incomplete: False ; hidden: False ;
DEBUG:blivet:                     DeviceTree.get_device_by_name returned existing 28.91 GiB disk sdb (4) with existing iso9660 filesystem
DEBUG:blivet:ignoring partition sdb3 on iso9660
DEBUG:blivet:no device obtained for sdb3
DEBUG:blivet:                  DeviceTree.handle_device: name: sda ; info: {'CURRENT_TAGS': ':systemd:',
 'DEVLINKS': '/dev/disk/by-diskseq/1 /dev/disk/by-id/wwn-0x5001b448b9ade20e '
             '/dev/disk/by-id/scsi-35001b448b9ade20e '
             '/dev/disk/by-path/pci-0000:00:17.0-ata-1.0 '
             '/dev/disk/by-path/pci-0000:00:17.0-ata-1 '
             '/dev/disk/by-id/ata-SanDisk_SD9SB8W256G1002_184696804947',
 'DEVNAME': '/dev/sda',
 'DEVPATH': '/devices/pci0000:00/0000:00:17.0/ata1/host0/target0:0:0/0:0:0:0/block/sda',
 'DEVTYPE': 'disk',
 'DISKSEQ': '1',
 'DM_MULTIPATH_DEVICE_PATH': '0',
 'FIND_MULTIPATHS_WAIT_UNTIL': '0',
 'ID_ATA': '1',
 'ID_ATA_DOWNLOAD_MICROCODE': '1',
 'ID_ATA_FEATURE_SET_APM': '1',
 'ID_ATA_FEATURE_SET_APM_CURRENT_VALUE': '128',
 'ID_ATA_FEATURE_SET_APM_ENABLED': '1',
 'ID_ATA_FEATURE_SET_PM': '1',
 'ID_ATA_FEATURE_SET_PM_ENABLED': '1',
 'ID_ATA_FEATURE_SET_SECURITY': '1',
 'ID_ATA_FEATURE_SET_SECURITY_ENABLED': '0',
 'ID_ATA_FEATURE_SET_SECURITY_ENHANCED_ERASE_UNIT_MIN': '2',
 'ID_ATA_FEATURE_SET_SECURITY_ERASE_UNIT_MIN': '2',
 'ID_ATA_FEATURE_SET_SECURITY_FROZEN': '1',
 'ID_ATA_FEATURE_SET_SMART': '1',
 'ID_ATA_FEATURE_SET_SMART_ENABLED': '1',
 'ID_ATA_PERIPHERAL_DEVICE_TYPE': '0',
 'ID_ATA_READ_LOOKAHEAD': '1',
 'ID_ATA_READ_LOOKAHEAD_ENABLED': '1',
 'ID_ATA_ROTATION_RATE_RPM': '0',
 'ID_ATA_SATA': '1',
 'ID_ATA_SATA_SIGNAL_RATE_GEN1': '1',
 'ID_ATA_SATA_SIGNAL_RATE_GEN2': '1',
 'ID_ATA_WRITE_CACHE': '1',
 'ID_ATA_WRITE_CACHE_ENABLED': '1',
 'ID_BUS': 'ata',
 'ID_MODEL': 'SanDisk_SD9SB8W256G1002',
 'ID_MODEL_ENC': 'SanDisk\\x20SD9SB8W256G1002\\x20\\x20\\x20\\x20\\x20\\x20\\x20\\x20\\x20\\x20\\x20\\x20\\x20\\x20\\x20\\x20\\x20',
 'ID_PART_TABLE_TYPE': 'gpt',
 'ID_PART_TABLE_UUID': 'd9ae7d3e-ee2b-48f4-ba23-cc9c5846853e',
 'ID_PATH': 'pci-0000:00:17.0-ata-1.0',
 'ID_PATH_ATA_COMPAT': 'pci-0000:00:17.0-ata-1',
 'ID_PATH_TAG': 'pci-0000_00_17_0-ata-1_0',
 'ID_REVISION': 'X6103002',
 'ID_SCSI': '1',
 'ID_SCSI_INQUIRY': '1',
 'ID_SCSI_SERIAL': '184696804947',
 'ID_SERIAL': 'SanDisk_SD9SB8W256G1002_184696804947',
 'ID_SERIAL_SHORT': '184696804947',
 'ID_TYPE': 'disk',
 'ID_VENDOR': 'ATA',
 'ID_VENDOR_ENC': 'ATA\\x20\\x20\\x20\\x20\\x20',
 'ID_WWN': '0x5001b448b9ade20e',
 'ID_WWN_WITH_EXTENSION': '0x5001b448b9ade20e',
 'MAJOR': '8',
 'MINOR': '0',
 'NVME_HOST_IFACE': 'none',
 'SCSI_IDENT_LUN_ATA': 'SanDisk_SD9SB8W256G1002_184696804947',
 'SCSI_IDENT_LUN_NAA_REG': '5001b448b9ade20e',
 'SCSI_IDENT_LUN_T10': 'ATA_SanDisk_SD9SB8W256G1002_184696804947',
 'SCSI_IDENT_LUN_VENDOR': '184696804947',
 'SCSI_IDENT_SERIAL': '184696804947',
 'SCSI_MODEL': 'SanDisk_SD9SB8W2',
 'SCSI_MODEL_ENC': 'SanDisk\\x20SD9SB8W2',
 'SCSI_REVISION': '3002',
 'SCSI_TPGS': '0',
 'SCSI_TYPE': 'disk',
 'SCSI_VENDOR': 'ATA',
 'SCSI_VENDOR_ENC': 'ATA\\x20\\x20\\x20\\x20\\x20',
 'SUBSYSTEM': 'block',
 'SYS_NAME': 'sda',
 'SYS_PATH': '/sys/devices/pci0000:00/0000:00:17.0/ata1/host0/target0:0:0/0:0:0:0/block/sda',
 'TAGS': ':systemd:',
 'USEC_INITIALIZED': '26770539'} ;
INFO:blivet:scanning sda (/sys/devices/pci0000:00/0000:00:17.0/ata1/host0/target0:0:0/0:0:0:0/block/sda)...
DEBUG:testdata:sysfs attr /sys/devices/pci0000:00/0000:00:17.0/ata1/host0/target0:0:0/0:0:0:0/block/sda/hidden: 300a
DEBUG:blivet:                    DeviceTree.get_device_by_name: name: sda ; incomplete: False ; hidden: False ;
DEBUG:blivet:                    DeviceTree.get_device_by_name returned None
DEBUG:blivet:                   DiskDevicePopulator.run: name: sda ;
DEBUG:testdata:sysfs attr /sys/devices/pci0000:00/0000:00:17.0/ata1/host0/target0:0:0/0:0:0:0/block/sda/device/vendor: 41544120202020200a
DEBUG:testdata:sysfs attr /sys/devices/pci0000:00/0000:00:17.0/ata1/host0/target0:0:0/0:0:0:0/block/sda/device/model: 53616e4469736b2053443953423857320a
INFO:blivet:sda is a disk
DEBUG:blivet:get_format('None') returning DeviceFormat instance with object id 14
DEBUG:blivet:get_format('None') returning DeviceFormat instance with object id 15
DEBUG:blivet:                           DiskDevice._set_format: sda ; type: None ; current: None ;
DEBUG:blivet:                         DiskDevice.update_sysfs_path: sda ; status: True ;
DEBUG:blivet:sda sysfs_path set to /sys/devices/pci0000:00/0000:00:17.0/ata1/host0/target0:0:0/0:0:0:0/block/sda
DEBUG:blivet:                             DiskDevice.read_current_size: exists: True ; path: /dev/sda ; sysfs_path: /sys/devices/pci0000:00/0000:00:17.0/ata1/host0/target0:0:0/0:0:0:0/block/sda ;
DEBUG:testdata:sysfs attr /sys/devices/pci0000:00/0000:00:17.0/ata1/host0/target0:0:0/0:0:0:0/block/sda/size: 3530303131383139320a
DEBUG:blivet:updated sda size to 238.47 GiB (238.47 GiB)
DEBUG:testdata:sysfs attr /sys/devices/pci0000:00/0000:00:17.0/ata1/host0/target0:0:0/0:0:0:0/block/sda/queue/rotational: 300a
INFO:blivet:added disk sda (id 13) to device tree
INFO:blivet:got device: DiskDevice instance (0x7fec9f6ff250) --
  name = sda  status = True  id = 13
  children = []
  parents = []
  uuid = None  size = 238.47 GiB
  format = existing None
  major = 8  minor = 0  exists = True  protected = False
  sysfs path = /sys/devices/pci0000:00/0000:00:17.0/ata1/host0/target0:0:0/0:0:0:0/block/sda
  target size = 238.47 GiB  path = /dev/sda
  format args = []  original_format = None  removable = False  wwn = 5001b448b9ade20e
DEBUG:testdata:sysfs attr /sys/devices/pci0000:00/0000:00:17.0/ata1/host0/target0:0:0/0:0:0:0/block/sda/ro: 300a
DEBUG:blivet:                    DeviceTree.handle_format: name: sda ;
DEBUG:blivet:                                EFIFS.supported: supported: True ;
DEBUG:blivet:get_format('efi') returning EFIFS instance with object id 17
DEBUG:blivet:                                  MacEFIFS.supported: supported: True ;
DEBUG:blivet:get_format('macefi') returning MacEFIFS instance with object id 18
DEBUG:blivet:                                   MacEFIFS.supported: supported: True ;
DEBUG:blivet:get_format('macefi') returning MacEFIFS instance with object id 19
DEBUG:blivet:                     DiskLabelFormatPopulator.run: device: sda ; label_type: gpt ;
DEBUG:blivet:                       DiskDevice.setup: sda ; orig: False ; status: True ; controllable: True ;
DEBUG:blivet:                        DiskLabel.__init__: uuid: d9ae7d3e-ee2b-48f4-ba23-cc9c5846853e ; label: None ; device: /dev/sda ; serial: SanDisk_SD9SB8W256G1002_184696804947 ; exists: True ;
DEBUG:blivet:Clear pmbr_boot on parted.Disk instance --
  type: gpt  primaryPartitionCount: 2
  lastPartitionNumber: 2  maxPrimaryPartitionCount: 128
  partitions: [<parted.partition.Partition object at 0x7fec9ecc4b90>, <parted.partition.Partition object at 0x7fec9f9bfe10>]
  device: <parted.device.Device object at 0x7fec9f5ed940>
  PedDisk: <_ped.Disk object at 0x7feca74af040>
DEBUG:blivet:get_format('disklabel') returning DiskLabel instance with object id 20
DEBUG:blivet:                         DiskDevice._set_format: sda ; type: disklabel ; current: None ;
INFO:blivet:got format: existing gpt disklabel
DEBUG:blivet:                  DeviceTree.handle_device: name: sda1 ; info: {'CURRENT_TAGS': ':systemd:',
 'DEVLINKS': '/dev/disk/by-diskseq/1-part1 '
             '/dev/disk/by-id/ata-SanDisk_SD9SB8W256G1002_184696804947-part1 '
             '/dev/disk/by-partuuid/ef141541-06ca-4b79-9094-bdf0c999bcd9 '
             '/dev/disk/by-path/pci-0000:00:17.0-ata-1.0-part/by-partnum/1 '
             '/dev/disk/by-path/pci-0000:00:17.0-ata-1.0-part/by-partuuid/ef141541-06ca-4b79-9094-bdf0c999bcd9 '
             '/dev/disk/by-uuid/A688-ECCB '
             '/dev/disk/by-id/wwn-0x5001b448b9ade20e-part1 '
             '/dev/disk/by-path/pci-0000:00:17.0-ata-1-part1 '
             '/dev/disk/by-path/pci-0000:00:17.0-ata-1.0-part/by-uuid/A688-ECCB '
             '/dev/disk/by-id/scsi-35001b448b9ade20e-part1 '
             '/dev/disk/by-path/pci-0000:00:17.0-ata-1.0-part1',
 'DEVNAME': '/dev/sda1',
 'DEVPATH': '/devices/pci0000:00/0000:00:17.0/ata1/host0/target0:0:0/0:0:0:0/block/sda/sda1',
 'DEVTYPE': 'partition',
 'DISKSEQ': '1',
 'DM_MULTIPATH_DEVICE_PATH': '0',
 'ID_ATA': '1',
 'ID_ATA_DOWNLOAD_MICROCODE': '1',
 'ID_ATA_FEATURE_SET_APM': '1',
 'ID_ATA_FEATURE_SET_APM_CURRENT_VALUE': '128',
 'ID_ATA_FEATURE_SET_APM_ENABLED': '1',
 'ID_ATA_FEATURE_SET_PM': '1',
 'ID_ATA_FEATURE_SET_PM_ENABLED': '1',
 'ID_ATA_FEATURE_SET_SECURITY': '1',
 'ID_ATA_FEATURE_SET_SECURITY_ENABLED': '0',
 'ID_ATA_FEATURE_SET_SECURITY_ENHANCED_ERASE_UNIT_MIN': '2',
 'ID_ATA_FEATURE_SET_SECURITY_ERASE_UNIT_MIN': '2',
 'ID_ATA_FEATURE_SET_SECURITY_FROZEN': '1',
 'ID_ATA_FEATURE_SET_SMART': '1',
 'ID_ATA_FEATURE_SET_SMART_ENABLED': '1',
 'ID_ATA_PERIPHERAL_DEVICE_TYPE': '0',
 'ID_ATA_READ_LOOKAHEAD': '1',
 'ID_ATA_READ_LOOKAHEAD_ENABLED': '1',
 'ID_ATA_ROTATION_RATE_RPM': '0',
 'ID_ATA_SATA': '1',
 'ID_ATA_SATA_SIGNAL_RATE_GEN1': '1',
 'ID_ATA_SATA_SIGNAL_RATE_GEN2': '1',
 'ID_ATA_WRITE_CACHE': '1',
 'ID_ATA_WRITE_CACHE_ENABLED': '1',
 'ID_BUS': 'ata',
 'ID_FS_BLOCKSIZE': '4096',
 'ID_FS_SIZE': '1127218176',
 'ID_FS_TYPE': 'vfat',
 'ID_FS_USAGE': 'filesystem',
 'ID_FS_UUID': 'A688-ECCB',
 'ID_FS_UUID_ENC': 'A688-ECCB',
 'ID_FS_VERSION': 'FAT32',
 'ID_MODEL': 'SanDisk_SD9SB8W256G1002',
 'ID_MODEL_ENC': 'SanDisk\\x20SD9SB8W256G1002\\x20\\x20\\x20\\x20\\x20\\x20\\x20\\x20\\x20\\x20\\x20\\x20\\x20\\x20\\x20\\x20\\x20',
 'ID_PART_ENTRY_DISK': '8:0',
 'ID_PART_ENTRY_NUMBER': '1',
 'ID_PART_ENTRY_OFFSET': '2048',
 'ID_PART_ENTRY_SCHEME': 'gpt',
 'ID_PART_ENTRY_SIZE': '2201600',
 'ID_PART_ENTRY_TYPE': 'c12a7328-f81f-11d2-ba4b-00a0c93ec93b',
 'ID_PART_ENTRY_UUID': 'ef141541-06ca-4b79-9094-bdf0c999bcd9',
 'ID_PART_TABLE_TYPE': 'gpt',
 'ID_PART_TABLE_UUID': 'd9ae7d3e-ee2b-48f4-ba23-cc9c5846853e',
 'ID_PATH': 'pci-0000:00:17.0-ata-1.0',
 'ID_PATH_ATA_COMPAT': 'pci-0000:00:17.0-ata-1',
 'ID_PATH_TAG': 'pci-0000_00_17_0-ata-1_0',
 'ID_REVISION': 'X6103002',
 'ID_SCSI': '1',
 'ID_SCSI_INQUIRY': '1',
 'ID_SCSI_SERIAL': '184696804947',
 'ID_SERIAL': 'SanDisk_SD9SB8W256G1002_184696804947',
 'ID_SERIAL_SHORT': '184696804947',
 'ID_TYPE': 'disk',
 'ID_VENDOR': 'ATA',
 'ID_VENDOR_ENC': 'ATA\\x20\\x20\\x20\\x20\\x20',
 'ID_WWN': '0x5001b448b9ade20e',
 'ID_WWN_WITH_EXTENSION': '0x5001b448b9ade20e',
 'MAJOR': '8',
 'MINOR': '1',
 'NVME_HOST_IFACE': 'none',
 'PARTN': '1',
 'PARTUUID': 'ef141541-06ca-4b79-9094-bdf0c999bcd9',
 'SCSI_IDENT_LUN_ATA': 'SanDisk_SD9SB8W256G1002_184696804947',
 'SCSI_IDENT_LUN_NAA_REG': '5001b448b9ade20e',
 'SCSI_IDENT_LUN_T10': 'ATA_SanDisk_SD9SB8W256G1002_184696804947',
 'SCSI_IDENT_LUN_VENDOR': '184696804947',
 'SCSI_IDENT_SERIAL': '184696804947',
 'SCSI_MODEL': 'SanDisk_SD9SB8W2',
 'SCSI_MODEL_ENC': 'SanDisk\\x20SD9SB8W2',
 'SCSI_REVISION': '3002',
 'SCSI_TPGS': '0',
 'SCSI_TYPE': 'disk',
 'SCSI_VENDOR': 'ATA',
 'SCSI_VENDOR_ENC': 'ATA\\x20\\x20\\x20\\x20\\x20',
 'SUBSYSTEM': 'block',
 'SYS_NAME': 'sda1',
 'SYS_PATH': '/sys/devices/pci0000:00/0000:00:17.0/ata1/host0/target0:0:0/0:0:0:0/block/sda/sda1',
 'TAGS': ':systemd:',
 'UDISKS_IGNORE': '1',
 'USEC_INITIALIZED': '26770694'} ;
INFO:blivet:scanning sda1 (/sys/devices/pci0000:00/0000:00:17.0/ata1/host0/target0:0:0/0:0:0:0/block/sda/sda1)...
WARNING:blivet:hidden is not a valid attribute
DEBUG:blivet:                    DeviceTree.get_device_by_name: name: sda1 ; incomplete: False ; hidden: False ;
DEBUG:blivet:                    DeviceTree.get_device_by_name returned None
DEBUG:blivet:                   PartitionDevicePopulator.run: name: sda1 ;
DEBUG:blivet:                     DeviceTree.get_device_by_name: name: sda1 ; incomplete: False ; hidden: False ;
DEBUG:blivet:                     DeviceTree.get_device_by_name returned None
INFO:program:Running... udevadm settle --timeout=300
DEBUG:program:Return code: 0
DEBUG:testdata:sysfs attr /sys/class/block/sdb/device/model: 53544f5245204e20474f2020202020200a
DEBUG:testdata:sysfs attr /sys/class/block/sda/device/model: 53616e4469736b2053443953423857320a
DEBUG:testdata:sysfs attr /sys/class/block/sr0/device/model: 44564452414d20475545314e202020200a
DEBUG:blivet:                     DeviceTree.get_device_by_name: name: sda ; incomplete: False ; hidden: False ;
DEBUG:blivet:                     DeviceTree.get_device_by_name returned existing 238.47 GiB disk sda (13) with existing gpt disklabel
DEBUG:blivet:get_format('None') returning DeviceFormat instance with object id 23
DEBUG:blivet:                                DiskDevice.add_child: name: sda ; child: sda1 ; kids: 0 ;
DEBUG:blivet:get_format('None') returning DeviceFormat instance with object id 24
DEBUG:blivet:                           PartitionDevice._set_format: sda1 ; type: None ; current: None ;
DEBUG:blivet:                         PartitionDevice.update_sysfs_path: sda1 ; status: True ;
DEBUG:blivet:sda1 sysfs_path set to /sys/devices/pci0000:00/0000:00:17.0/ata1/host0/target0:0:0/0:0:0:0/block/sda/sda1
DEBUG:blivet:                               PartitionDevice.read_current_size: exists: True ; path: /dev/sda1 ; sysfs_path: /sys/devices/pci0000:00/0000:00:17.0/ata1/host0/target0:0:0/0:0:0:0/block/sda/sda1 ;
DEBUG:testdata:sysfs attr /sys/devices/pci0000:00/0000:00:17.0/ata1/host0/target0:0:0/0:0:0:0/block/sda/sda1/size: 323230313630300a
DEBUG:blivet:updated sda1 size to 1.05 GiB (1.05 GiB)
DEBUG:blivet:looking up parted Partition: /dev/sda1
DEBUG:blivet:                       PartitionDevice.probe: sda1 ; exists: True ;
DEBUG:blivet:                         PartitionDevice.get_flag: path: /dev/sda1 ; flag: 1 ;
DEBUG:blivet:                       PartitionDevice.get_flag: path: /dev/sda1 ; flag: 10 ;
DEBUG:blivet:                       PartitionDevice.get_flag: path: /dev/sda1 ; flag: 12 ;
DEBUG:blivet:                             PartitionDevice.read_current_size: exists: True ; path: /dev/sda1 ; sysfs_path: /sys/devices/pci0000:00/0000:00:17.0/ata1/host0/target0:0:0/0:0:0:0/block/sda/sda1 ;
DEBUG:testdata:sysfs attr /sys/devices/pci0000:00/0000:00:17.0/ata1/host0/target0:0:0/0:0:0:0/block/sda/sda1/size: 323230313630300a
DEBUG:blivet:updated sda1 size to 1.05 GiB (1.05 GiB)
INFO:blivet:added partition sda1 (id 22) to device tree
INFO:blivet:got device: PartitionDevice instance (0x7fec9f6a1e80) --
  name = sda1  status = True  id = 22
  children = []
  parents = ['existing 238.47 GiB disk sda (13) with existing gpt disklabel']
  uuid = ef141541-06ca-4b79-9094-bdf0c999bcd9  size = 1.05 GiB
  format = existing None
  major = 8  minor = 1  exists = True  protected = False
  sysfs path = /sys/devices/pci0000:00/0000:00:17.0/ata1/host0/target0:0:0/0:0:0:0/block/sda/sda1
  target size = 1.05 GiB  path = /dev/sda1
  format args = []  original_format = None  grow = None  max size = 0 B  bootable = True
  part type = 0  primary = None  start sector = None  end sector = None
  parted_partition = parted.Partition instance --
  disk: <parted.disk.Disk object at 0x7fec9f5ed160>  fileSystem: <parted.filesystem.FileSystem object at 0x7fec9f5ed6a0>
  number: 1  path: /dev/sda1  type: 0
  name:   active: True  busy: False
  geometry: <parted.geometry.Geometry object at 0x7fec9ecc5090>  PedPartition: <_ped.Partition object at 0x7feca77dba10>
  disk = existing 238.47 GiB disk sda (13) with existing gpt disklabel
  start = 2048  end = 2203647  length = 2201600
  flags = boot, esp type_uuid = c12a7328-f81f-11d2-ba4b-00a0c93ec93b
DEBUG:blivet:                    DeviceTree.handle_format: name: sda1 ;
DEBUG:blivet:                                EFIFS.supported: supported: True ;
DEBUG:blivet:get_format('efi') returning EFIFS instance with object id 26
INFO:blivet:type detected on 'sda1' is 'efi'
INFO:program:Running... udevadm settle --timeout=300
DEBUG:program:Return code: 0
INFO:program:Running [6] fsck.vfat -nv /dev/sda1 ...
INFO:program:stdout[6]: fsck.fat 4.2 (2021-01-31)
Checking we can access the last sector of the filesystem
Boot sector contents:
System ID "mkfs.fat"
Media byte 0xf8 (hard disk)
       512 bytes per logical sector
      4096 bytes per cluster
        32 reserved sectors
First FAT starts at byte 16384 (sector 32)
         2 FATs, 32 bit entries
   1101824 bytes per FAT (= 2152 sectors)
Root directory start at cluster 2 (arbitrary size)
Data area starts at byte 2220032 (sector 4336)
    274657 data clusters (1124995072 bytes)
63 sectors/track, 255 heads
      2048 hidden sectors
   2201598 sectors total
Checking for unused clusters.
Checking free cluster summary.
/dev/sda1: 11 files, 1568/274657 clusters

INFO:program:stderr[6]: Cannot initialize conversion from codepage 850 to UTF-8: Invalid argument
Cannot initialize conversion from UTF-8 to codepage 850: Invalid argument
Using internal CP850 conversion table

INFO:program:...done [6] (exit code: 0)
INFO:program:Running [7] fsck.vfat -nv /dev/sda1 ...
INFO:program:stdout[7]: fsck.fat 4.2 (2021-01-31)
Checking we can access the last sector of the filesystem
Boot sector contents:
System ID "mkfs.fat"
Media byte 0xf8 (hard disk)
       512 bytes per logical sector
      4096 bytes per cluster
        32 reserved sectors
First FAT starts at byte 16384 (sector 32)
         2 FATs, 32 bit entries
   1101824 bytes per FAT (= 2152 sectors)
Root directory start at cluster 2 (arbitrary size)
Data area starts at byte 2220032 (sector 4336)
    274657 data clusters (1124995072 bytes)
63 sectors/track, 255 heads
      2048 hidden sectors
   2201598 sectors total
Checking for unused clusters.
Checking free cluster summary.
/dev/sda1: 11 files, 1568/274657 clusters

INFO:program:stderr[7]: Cannot initialize conversion from codepage 850 to UTF-8: Invalid argument
Cannot initialize conversion from UTF-8 to codepage 850: Invalid argument
Using internal CP850 conversion table

INFO:program:...done [7] (exit code: 0)
DEBUG:blivet:padding min size from 32 MiB up to 35.2 MiB
DEBUG:blivet:                            EFIFS.supported: supported: True ;
DEBUG:blivet:get_format('efi') returning EFIFS instance with object id 27
DEBUG:blivet:                         PartitionDevice._set_format: sda1 ; type: efi ; current: None ;
INFO:blivet:got format: existing efi filesystem
DEBUG:blivet:                  DeviceTree.handle_device: name: sda2 ; info: {'CURRENT_TAGS': ':systemd:',
 'DEVLINKS': '/dev/disk/by-id/wwn-0x5001b448b9ade20e-part2 '
             '/dev/disk/by-id/ata-SanDisk_SD9SB8W256G1002_184696804947-part2 '
             '/dev/disk/by-path/pci-0000:00:17.0-ata-1.0-part/by-partuuid/5869fd88-0709-429b-8cd7-b8546548b521 '
             '/dev/disk/by-id/scsi-35001b448b9ade20e-part2 '
             '/dev/disk/by-path/pci-0000:00:17.0-ata-1.0-part/by-partnum/2 '
             '/dev/disk/by-diskseq/1-part2 '
             '/dev/disk/by-path/pci-0000:00:17.0-ata-1-part2 '
             '/dev/disk/by-partuuid/5869fd88-0709-429b-8cd7-b8546548b521 '
             '/dev/disk/by-path/pci-0000:00:17.0-ata-1.0-part/by-uuid/975adc3d-7fcc-4e2d-9081-e85104a51cb0 '
             '/dev/disk/by-uuid/975adc3d-7fcc-4e2d-9081-e85104a51cb0 '
             '/dev/disk/by-path/pci-0000:00:17.0-ata-1.0-part2',
 'DEVNAME': '/dev/sda2',
 'DEVPATH': '/devices/pci0000:00/0000:00:17.0/ata1/host0/target0:0:0/0:0:0:0/block/sda/sda2',
 'DEVTYPE': 'partition',
 'DISKSEQ': '1',
 'DM_MULTIPATH_DEVICE_PATH': '0',
 'ID_ATA': '1',
 'ID_ATA_DOWNLOAD_MICROCODE': '1',
 'ID_ATA_FEATURE_SET_APM': '1',
 'ID_ATA_FEATURE_SET_APM_CURRENT_VALUE': '128',
 'ID_ATA_FEATURE_SET_APM_ENABLED': '1',
 'ID_ATA_FEATURE_SET_PM': '1',
 'ID_ATA_FEATURE_SET_PM_ENABLED': '1',
 'ID_ATA_FEATURE_SET_SECURITY': '1',
 'ID_ATA_FEATURE_SET_SECURITY_ENABLED': '0',
 'ID_ATA_FEATURE_SET_SECURITY_ENHANCED_ERASE_UNIT_MIN': '2',
 'ID_ATA_FEATURE_SET_SECURITY_ERASE_UNIT_MIN': '2',
 'ID_ATA_FEATURE_SET_SECURITY_FROZEN': '1',
 'ID_ATA_FEATURE_SET_SMART': '1',
 'ID_ATA_FEATURE_SET_SMART_ENABLED': '1',
 'ID_ATA_PERIPHERAL_DEVICE_TYPE': '0',
 'ID_ATA_READ_LOOKAHEAD': '1',
 'ID_ATA_READ_LOOKAHEAD_ENABLED': '1',
 'ID_ATA_ROTATION_RATE_RPM': '0',
 'ID_ATA_SATA': '1',
 'ID_ATA_SATA_SIGNAL_RATE_GEN1': '1',
 'ID_ATA_SATA_SIGNAL_RATE_GEN2': '1',
 'ID_ATA_WRITE_CACHE': '1',
 'ID_ATA_WRITE_CACHE_ENABLED': '1',
 'ID_BUS': 'ata',
 'ID_FS_BLOCKSIZE': '4096',
 'ID_FS_LASTBLOCK': '62238976',
 'ID_FS_SIZE': '254930845696',
 'ID_FS_TYPE': 'ext4',
 'ID_FS_USAGE': 'filesystem',
 'ID_FS_UUID': '975adc3d-7fcc-4e2d-9081-e85104a51cb0',
 'ID_FS_UUID_ENC': '975adc3d-7fcc-4e2d-9081-e85104a51cb0',
 'ID_FS_VERSION': '1.0',
 'ID_MODEL': 'SanDisk_SD9SB8W256G1002',
 'ID_MODEL_ENC': 'SanDisk\\x20SD9SB8W256G1002\\x20\\x20\\x20\\x20\\x20\\x20\\x20\\x20\\x20\\x20\\x20\\x20\\x20\\x20\\x20\\x20\\x20',
 'ID_PART_ENTRY_DISK': '8:0',
 'ID_PART_ENTRY_NUMBER': '2',
 'ID_PART_ENTRY_OFFSET': '2203648',
 'ID_PART_ENTRY_SCHEME': 'gpt',
 'ID_PART_ENTRY_SIZE': '497911808',
 'ID_PART_ENTRY_TYPE': '0fc63daf-8483-4772-8e79-3d69d8477de4',
 'ID_PART_ENTRY_UUID': '5869fd88-0709-429b-8cd7-b8546548b521',
 'ID_PART_TABLE_TYPE': 'gpt',
 'ID_PART_TABLE_UUID': 'd9ae7d3e-ee2b-48f4-ba23-cc9c5846853e',
 'ID_PATH': 'pci-0000:00:17.0-ata-1.0',
 'ID_PATH_ATA_COMPAT': 'pci-0000:00:17.0-ata-1',
 'ID_PATH_TAG': 'pci-0000_00_17_0-ata-1_0',
 'ID_REVISION': 'X6103002',
 'ID_SCSI': '1',
 'ID_SCSI_INQUIRY': '1',
 'ID_SCSI_SERIAL': '184696804947',
 'ID_SERIAL': 'SanDisk_SD9SB8W256G1002_184696804947',
 'ID_SERIAL_SHORT': '184696804947',
 'ID_TYPE': 'disk',
 'ID_VENDOR': 'ATA',
 'ID_VENDOR_ENC': 'ATA\\x20\\x20\\x20\\x20\\x20',
 'ID_WWN': '0x5001b448b9ade20e',
 'ID_WWN_WITH_EXTENSION': '0x5001b448b9ade20e',
 'MAJOR': '8',
 'MINOR': '2',
 'NVME_HOST_IFACE': 'none',
 'PARTN': '2',
 'PARTUUID': '5869fd88-0709-429b-8cd7-b8546548b521',
 'SCSI_IDENT_LUN_ATA': 'SanDisk_SD9SB8W256G1002_184696804947',
 'SCSI_IDENT_LUN_NAA_REG': '5001b448b9ade20e',
 'SCSI_IDENT_LUN_T10': 'ATA_SanDisk_SD9SB8W256G1002_184696804947',
 'SCSI_IDENT_LUN_VENDOR': '184696804947',
 'SCSI_IDENT_SERIAL': '184696804947',
 'SCSI_MODEL': 'SanDisk_SD9SB8W2',
 'SCSI_MODEL_ENC': 'SanDisk\\x20SD9SB8W2',
 'SCSI_REVISION': '3002',
 'SCSI_TPGS': '0',
 'SCSI_TYPE': 'disk',
 'SCSI_VENDOR': 'ATA',
 'SCSI_VENDOR_ENC': 'ATA\\x20\\x20\\x20\\x20\\x20',
 'SUBSYSTEM': 'block',
 'SYS_NAME': 'sda2',
 'SYS_PATH': '/sys/devices/pci0000:00/0000:00:17.0/ata1/host0/target0:0:0/0:0:0:0/block/sda/sda2',
 'TAGS': ':systemd:',
 'UDISKS_AUTO': '0',
 'USEC_INITIALIZED': '26770845'} ;
INFO:blivet:scanning sda2 (/sys/devices/pci0000:00/0000:00:17.0/ata1/host0/target0:0:0/0:0:0:0/block/sda/sda2)...
WARNING:blivet:hidden is not a valid attribute
DEBUG:blivet:                    DeviceTree.get_device_by_name: name: sda2 ; incomplete: False ; hidden: False ;
DEBUG:blivet:                    DeviceTree.get_device_by_name returned None
DEBUG:blivet:                   PartitionDevicePopulator.run: name: sda2 ;
DEBUG:blivet:                     DeviceTree.get_device_by_name: name: sda2 ; incomplete: False ; hidden: False ;
DEBUG:blivet:                     DeviceTree.get_device_by_name returned None
INFO:program:Running... udevadm settle --timeout=300
DEBUG:program:Return code: 0
DEBUG:testdata:sysfs attr /sys/class/block/sdb/device/model: 53544f5245204e20474f2020202020200a
DEBUG:testdata:sysfs attr /sys/class/block/sda/device/model: 53616e4469736b2053443953423857320a
DEBUG:testdata:sysfs attr /sys/class/block/sr0/device/model: 44564452414d20475545314e202020200a
DEBUG:blivet:                     DeviceTree.get_device_by_name: name: sda ; incomplete: False ; hidden: False ;
DEBUG:blivet:                     DeviceTree.get_device_by_name returned existing 238.47 GiB disk sda (13) with existing gpt disklabel
DEBUG:blivet:get_format('None') returning DeviceFormat instance with object id 30
DEBUG:blivet:                                DiskDevice.add_child: name: sda ; child: sda2 ; kids: 1 ;
DEBUG:blivet:get_format('None') returning DeviceFormat instance with object id 31
DEBUG:blivet:                           PartitionDevice._set_format: sda2 ; type: None ; current: None ;
DEBUG:blivet:                         PartitionDevice.update_sysfs_path: sda2 ; status: True ;
DEBUG:blivet:sda2 sysfs_path set to /sys/devices/pci0000:00/0000:00:17.0/ata1/host0/target0:0:0/0:0:0:0/block/sda/sda2
DEBUG:blivet:                               PartitionDevice.read_current_size: exists: True ; path: /dev/sda2 ; sysfs_path: /sys/devices/pci0000:00/0000:00:17.0/ata1/host0/target0:0:0/0:0:0:0/block/sda/sda2 ;
DEBUG:testdata:sysfs attr /sys/devices/pci0000:00/0000:00:17.0/ata1/host0/target0:0:0/0:0:0:0/block/sda/sda2/size: 3439373931313830380a
DEBUG:blivet:updated sda2 size to 237.42 GiB (237.42 GiB)
DEBUG:blivet:looking up parted Partition: /dev/sda2
DEBUG:blivet:                       PartitionDevice.probe: sda2 ; exists: True ;
DEBUG:blivet:                         PartitionDevice.get_flag: path: /dev/sda2 ; flag: 1 ;
DEBUG:blivet:                       PartitionDevice.get_flag: path: /dev/sda2 ; flag: 10 ;
DEBUG:blivet:                       PartitionDevice.get_flag: path: /dev/sda2 ; flag: 12 ;
DEBUG:blivet:                             PartitionDevice.read_current_size: exists: True ; path: /dev/sda2 ; sysfs_path: /sys/devices/pci0000:00/0000:00:17.0/ata1/host0/target0:0:0/0:0:0:0/block/sda/sda2 ;
DEBUG:testdata:sysfs attr /sys/devices/pci0000:00/0000:00:17.0/ata1/host0/target0:0:0/0:0:0:0/block/sda/sda2/size: 3439373931313830380a
DEBUG:blivet:updated sda2 size to 237.42 GiB (237.42 GiB)
INFO:blivet:added partition sda2 (id 29) to device tree
INFO:blivet:got device: PartitionDevice instance (0x7fec9f5ed550) --
  name = sda2  status = True  id = 29
  children = []
  parents = ['existing 238.47 GiB disk sda (13) with existing gpt disklabel']
  uuid = 5869fd88-0709-429b-8cd7-b8546548b521  size = 237.42 GiB
  format = existing None
  major = 8  minor = 2  exists = True  protected = False
  sysfs path = /sys/devices/pci0000:00/0000:00:17.0/ata1/host0/target0:0:0/0:0:0:0/block/sda/sda2
  target size = 237.42 GiB  path = /dev/sda2
  format args = []  original_format = None  grow = None  max size = 0 B  bootable = None
  part type = 0  primary = None  start sector = None  end sector = None
  parted_partition = parted.Partition instance --
  disk: <parted.disk.Disk object at 0x7fec9f5ed160>  fileSystem: <parted.filesystem.FileSystem object at 0x7fec9ecc4cd0>
  number: 2  path: /dev/sda2  type: 0
  name:   active: True  busy: False
  geometry: <parted.geometry.Geometry object at 0x7fec9ece4180>  PedPartition: <_ped.Partition object at 0x7fec9ecb9710>
  disk = existing 238.47 GiB disk sda (13) with existing gpt disklabel
  start = 2203648  end = 500115455  length = 497911808
  flags =  type_uuid = 0fc63daf-8483-4772-8e79-3d69d8477de4
DEBUG:blivet:                    DeviceTree.handle_format: name: sda2 ;
DEBUG:blivet:                                EFIFS.supported: supported: True ;
DEBUG:blivet:get_format('efi') returning EFIFS instance with object id 33
DEBUG:blivet:                                  MacEFIFS.supported: supported: True ;
DEBUG:blivet:get_format('macefi') returning MacEFIFS instance with object id 34
DEBUG:blivet:                                   MacEFIFS.supported: supported: True ;
DEBUG:blivet:get_format('macefi') returning MacEFIFS instance with object id 35
INFO:blivet:type detected on 'sda2' is 'ext4'
INFO:program:Running... udevadm settle --timeout=300
DEBUG:program:Return code: 0
INFO:program:Running... udevadm trigger --action=change /dev/sda2
DEBUG:program:Return code: 0
INFO:program:Running... udevadm settle --timeout=300
DEBUG:program:Return code: 0
INFO:program:Running... udevadm settle --timeout=300
DEBUG:program:Return code: 0
INFO:program:Running [8] resize2fs -P /dev/sda2 ...
INFO:program:stdout[8]: Estimated minimum size of the filesystem: 3455344

INFO:program:stderr[8]: resize2fs 1.47.3 (8-Jul-2025)

INFO:program:...done [8] (exit code: 0)
DEBUG:blivet:padding min size from 13.18 GiB up to 13.67 GiB
DEBUG:blivet:                          Ext4FS.supported: supported: True ;
DEBUG:blivet:get_format('ext4') returning Ext4FS instance with object id 36
DEBUG:blivet:                         PartitionDevice._set_format: sda2 ; type: ext4 ; current: None ;
INFO:blivet:got format: existing ext4 filesystem
DEBUG:blivet:                  DeviceTree.handle_device: name: sr0 ; info: {'CURRENT_TAGS': ':seat:systemd:uaccess:',
 'DEVLINKS': '/dev/disk/by-id/ata-HL-DT-ST_DVDRAM_GUE1N_KM8I76I0633 '
             '/dev/disk/by-diskseq/3 /dev/disk/by-id/wwn-0x5001480000000000 '
             '/dev/cdrom /dev/disk/by-path/pci-0000:00:17.0-ata-2.0 '
             '/dev/disk/by-path/pci-0000:00:17.0-ata-2',
 'DEVNAME': '/dev/sr0',
 'DEVPATH': '/devices/pci0000:00/0000:00:17.0/ata2/host1/target1:0:0/1:0:0:0/block/sr0',
 'DEVTYPE': 'disk',
 'DISKSEQ': '3',
 'ID_ATA': '1',
 'ID_ATA_PERIPHERAL_DEVICE_TYPE': '5',
 'ID_ATA_SATA': '1',
 'ID_ATA_SATA_SIGNAL_RATE_GEN1': '1',
 'ID_BUS': 'ata',
 'ID_CDROM': '1',
 'ID_CDROM_CD': '1',
 'ID_CDROM_CD_R': '1',
 'ID_CDROM_CD_RW': '1',
 'ID_CDROM_DVD': '1',
 'ID_CDROM_DVD_PLUS_R': '1',
 'ID_CDROM_DVD_PLUS_RW': '1',
 'ID_CDROM_DVD_PLUS_R_DL': '1',
 'ID_CDROM_DVD_R': '1',
 'ID_CDROM_DVD_RAM': '1',
 'ID_CDROM_DVD_RW': '1',
 'ID_CDROM_DVD_RW_RO': '1',
 'ID_CDROM_DVD_RW_SEQ': '1',
 'ID_CDROM_DVD_R_DL': '1',
 'ID_CDROM_DVD_R_DL_JR': '1',
 'ID_CDROM_DVD_R_DL_SEQ': '1',
 'ID_CDROM_RW_REMOVABLE': '1',
 'ID_FOR_SEAT': 'block-pci-0000_00_17_0-ata-2_0',
 'ID_MODEL': 'HL-DT-ST_DVDRAM_GUE1N',
 'ID_MODEL_ENC': 'HL-DT-ST\\x20DVDRAM\\x20GUE1N\\x20\\x20\\x20\\x20\\x20\\x20\\x20\\x20\\x20\\x20\\x20\\x20\\x20\\x20\\x20\\x20\\x20\\x20\\x20',
 'ID_PATH': 'pci-0000:00:17.0-ata-2.0',
 'ID_PATH_ATA_COMPAT': 'pci-0000:00:17.0-ata-2',
 'ID_PATH_TAG': 'pci-0000_00_17_0-ata-2_0',
 'ID_REVISION': 'AS00',
 'ID_SCSI': '1',
 'ID_SCSI_INQUIRY': '1',
 'ID_SERIAL': 'HL-DT-ST_DVDRAM_GUE1N_KM8I76I0633',
 'ID_SERIAL_SHORT': 'KM8I76I0633',
 'ID_TYPE': 'cd',
 'ID_VENDOR': 'HL-DT-ST',
 'ID_VENDOR_ENC': 'HL-DT-ST',
 'ID_WWN': '0x5001480000000000',
 'ID_WWN_WITH_EXTENSION': '0x5001480000000000',
 'MAJOR': '11',
 'MINOR': '0',
 'NVME_HOST_IFACE': 'none',
 'SCSI_MODEL': 'DVDRAM_GUE1N',
 'SCSI_MODEL_ENC': 'DVDRAM\\x20GUE1N\\x20\\x20\\x20\\x20',
 'SCSI_REVISION': 'AS00',
 'SCSI_TPGS': '0',
 'SCSI_TYPE': 'cd/dvd',
 'SCSI_VENDOR': 'HL-DT-ST',
 'SCSI_VENDOR_ENC': 'HL-DT-ST',
 'SUBSYSTEM': 'block',
 'SYSTEMD_MOUNT_DEVICE_BOUND': '1',
 'SYS_NAME': 'sr0',
 'SYS_PATH': '/sys/devices/pci0000:00/0000:00:17.0/ata2/host1/target1:0:0/1:0:0:0/block/sr0',
 'TAGS': ':seat:systemd:uaccess:',
 'USEC_INITIALIZED': '26771350'} ;
INFO:blivet:scanning sr0 (/sys/devices/pci0000:00/0000:00:17.0/ata2/host1/target1:0:0/1:0:0:0/block/sr0)...
DEBUG:testdata:sysfs attr /sys/devices/pci0000:00/0000:00:17.0/ata2/host1/target1:0:0/1:0:0:0/block/sr0/hidden: 300a
DEBUG:blivet:                    DeviceTree.get_device_by_name: name: sr0 ; incomplete: False ; hidden: False ;
DEBUG:blivet:                    DeviceTree.get_device_by_name returned None
DEBUG:blivet:                   OpticalDevicePopulator.run:
DEBUG:blivet:get_format('None') returning DeviceFormat instance with object id 39
DEBUG:blivet:get_format('None') returning DeviceFormat instance with object id 40
DEBUG:blivet:                           OpticalDevice._set_format: sr0 ; type: None ; current: None ;
DEBUG:blivet:                         OpticalDevice.update_sysfs_path: sr0 ; status: True ;
DEBUG:blivet:sr0 sysfs_path set to /sys/devices/pci0000:00/0000:00:17.0/ata2/host1/target1:0:0/1:0:0:0/block/sr0
DEBUG:blivet:                             OpticalDevice.read_current_size: exists: True ; path: /dev/sr0 ; sysfs_path: /sys/devices/pci0000:00/0000:00:17.0/ata2/host1/target1:0:0/1:0:0:0/block/sr0 ;
DEBUG:testdata:sysfs attr /sys/devices/pci0000:00/0000:00:17.0/ata2/host1/target1:0:0/1:0:0:0/block/sr0/size: 323039373135310a
DEBUG:blivet:updated sr0 size to 1024 MiB (1024 MiB)
INFO:blivet:added cdrom sr0 (id 38) to device tree
INFO:blivet:got device: OpticalDevice instance (0x7fec9f5ed2b0) --
  name = sr0  status = True  id = 38
  children = []
  parents = []
  uuid = None  size = 1024 MiB
  format = existing None
  major = 11  minor = 0  exists = True  protected = False
  sysfs path = /sys/devices/pci0000:00/0000:00:17.0/ata2/host1/target1:0:0/1:0:0:0/block/sr0
  target size = 1024 MiB  path = /dev/sr0
  format args = []  original_format = None
DEBUG:blivet:                    DeviceTree.handle_format: name: sr0 ;
DEBUG:blivet:                      OpticalDevice.media_present: sr0 ; status: True ;
DEBUG:blivet:no media present for device sr0
DEBUG:blivet:                  DeviceTree.handle_device: name: mmcblk0 ; info: {'CURRENT_TAGS': ':systemd:',
 'DEVLINKS': '/dev/disk/by-diskseq/4 /dev/disk/by-id/mmc-SA08G_0x47e267a0',
 'DEVNAME': '/dev/mmcblk0',
 'DEVPATH': '/devices/pci0000:00/0000:00:1e.6/mmc_host/mmc0/mmc0:1234/block/mmcblk0',
 'DEVTYPE': 'disk',
 'DISKSEQ': '4',
 'ID_DRIVE_FLASH_SD': '1',
 'ID_DRIVE_MEDIA_FLASH_SD': '1',
 'ID_NAME': 'SA08G',
 'ID_PART_TABLE_TYPE': 'dos',
 'ID_SERIAL': '0x47e267a0',
 'MAJOR': '179',
 'MINOR': '0',
 'MMC_TYPE': 'SD',
 'NVME_HOST_IFACE': 'none',
 'SUBSYSTEM': 'block',
 'SYS_NAME': 'mmcblk0',
 'SYS_PATH': '/sys/devices/pci0000:00/0000:00:1e.6/mmc_host/mmc0/mmc0:1234/block/mmcblk0',
 'TAGS': ':systemd:',
 'USEC_INITIALIZED': '26771830'} ;
INFO:blivet:scanning mmcblk0 (/sys/devices/pci0000:00/0000:00:1e.6/mmc_host/mmc0/mmc0:1234/block/mmcblk0)...
DEBUG:testdata:sysfs attr /sys/devices/pci0000:00/0000:00:1e.6/mmc_host/mmc0/mmc0:1234/block/mmcblk0/hidden: 300a
DEBUG:blivet:                    DeviceTree.get_device_by_name: name: mmcblk0 ; incomplete: False ; hidden: False ;
DEBUG:blivet:                    DeviceTree.get_device_by_name returned None
DEBUG:blivet:                   DiskDevicePopulator.run: name: mmcblk0 ;
WARNING:blivet:device/vendor is not a valid attribute
WARNING:blivet:device/model is not a valid attribute
INFO:blivet:mmcblk0 is a disk
DEBUG:blivet:get_format('None') returning DeviceFormat instance with object id 44
DEBUG:blivet:get_format('None') returning DeviceFormat instance with object id 45
DEBUG:blivet:                           DiskDevice._set_format: mmcblk0 ; type: None ; current: None ;
DEBUG:blivet:                         DiskDevice.update_sysfs_path: mmcblk0 ; status: True ;
DEBUG:blivet:mmcblk0 sysfs_path set to /sys/devices/pci0000:00/0000:00:1e.6/mmc_host/mmc0/mmc0:1234/block/mmcblk0
DEBUG:blivet:                             DiskDevice.read_current_size: exists: True ; path: /dev/mmcblk0 ; sysfs_path: /sys/devices/pci0000:00/0000:00:1e.6/mmc_host/mmc0/mmc0:1234/block/mmcblk0 ;
DEBUG:testdata:sysfs attr /sys/devices/pci0000:00/0000:00:1e.6/mmc_host/mmc0/mmc0:1234/block/mmcblk0/size: 31353132363532380a
DEBUG:blivet:updated mmcblk0 size to 7.21 GiB (7.21 GiB)
DEBUG:testdata:sysfs attr /sys/devices/pci0000:00/0000:00:1e.6/mmc_host/mmc0/mmc0:1234/block/mmcblk0/queue/rotational: 300a
INFO:blivet:added disk mmcblk0 (id 43) to device tree
INFO:blivet:got device: DiskDevice instance (0x7fec9f6fee90) --
  name = mmcblk0  status = True  id = 43
  children = []
  parents = []
  uuid = None  size = 7.21 GiB
  format = existing None
  major = 179  minor = 0  exists = True  protected = False
  sysfs path = /sys/devices/pci0000:00/0000:00:1e.6/mmc_host/mmc0/mmc0:1234/block/mmcblk0
  target size = 7.21 GiB  path = /dev/mmcblk0
  format args = []  original_format = None  removable = False  wwn = None
DEBUG:testdata:sysfs attr /sys/devices/pci0000:00/0000:00:1e.6/mmc_host/mmc0/mmc0:1234/block/mmcblk0/ro: 300a
DEBUG:blivet:                    DeviceTree.handle_format: name: mmcblk0 ;
DEBUG:blivet:                                EFIFS.supported: supported: True ;
DEBUG:blivet:get_format('efi') returning EFIFS instance with object id 47
DEBUG:blivet:                                  MacEFIFS.supported: supported: True ;
DEBUG:blivet:get_format('macefi') returning MacEFIFS instance with object id 48
DEBUG:blivet:                                   MacEFIFS.supported: supported: True ;
DEBUG:blivet:get_format('macefi') returning MacEFIFS instance with object id 49
DEBUG:blivet:                     DiskLabelFormatPopulator.run: device: mmcblk0 ; label_type: dos ;
DEBUG:blivet:                       DiskDevice.setup: mmcblk0 ; orig: False ; status: True ; controllable: True ;
DEBUG:blivet:                        DiskLabel.__init__: uuid: None ; label: None ; device: /dev/mmcblk0 ; serial: 0x47e267a0 ; exists: True ;
DEBUG:blivet:Did not change pmbr_boot on parted.Disk instance --
  type: msdos  primaryPartitionCount: 1
  lastPartitionNumber: 1  maxPrimaryPartitionCount: 4
  partitions: [<parted.partition.Partition object at 0x7fec9ecc0950>]
  device: <parted.device.Device object at 0x7fec9eccd7c0>
  PedDisk: <_ped.Disk object at 0x7fec9f5e5fc0>
DEBUG:blivet:get_format('disklabel') returning DiskLabel instance with object id 50
DEBUG:blivet:                         DiskDevice._set_format: mmcblk0 ; type: disklabel ; current: None ;
INFO:blivet:got format: existing msdos disklabel
DEBUG:blivet:                  DeviceTree.handle_device: name: mmcblk0p1 ; info: {'CURRENT_TAGS': ':systemd:',
 'DEVLINKS': '/dev/disk/by-id/mmc-SA08G_0x47e267a0-part1 '
             '/dev/disk/by-diskseq/4-part1 /dev/disk/by-uuid/412A-B645',
 'DEVNAME': '/dev/mmcblk0p1',
 'DEVPATH': '/devices/pci0000:00/0000:00:1e.6/mmc_host/mmc0/mmc0:1234/block/mmcblk0/mmcblk0p1',
 'DEVTYPE': 'partition',
 'DISKSEQ': '4',
 'ID_DRIVE_FLASH_SD': '1',
 'ID_DRIVE_MEDIA_FLASH_SD': '1',
 'ID_FS_BLOCKSIZE': '32768',
 'ID_FS_SIZE': '7740588032',
 'ID_FS_TYPE': 'vfat',
 'ID_FS_USAGE': 'filesystem',
 'ID_FS_UUID': '412A-B645',
 'ID_FS_UUID_ENC': '412A-B645',
 'ID_FS_VERSION': 'FAT32',
 'ID_NAME': 'SA08G',
 'ID_PART_ENTRY_DISK': '179:0',
 'ID_PART_ENTRY_NUMBER': '1',
 'ID_PART_ENTRY_OFFSET': '8192',
 'ID_PART_ENTRY_SCHEME': 'dos',
 'ID_PART_ENTRY_SIZE': '15118336',
 'ID_PART_ENTRY_TYPE': '0xb',
 'ID_PART_TABLE_TYPE': 'dos',
 'ID_SERIAL': '0x47e267a0',
 'MAJOR': '179',
 'MINOR': '1',
 'NVME_HOST_IFACE': 'none',
 'PARTN': '1',
 'PARTUUID': '00000000-01',
 'SUBSYSTEM': 'block',
 'SYS_NAME': 'mmcblk0p1',
 'SYS_PATH': '/sys/devices/pci0000:00/0000:00:1e.6/mmc_host/mmc0/mmc0:1234/block/mmcblk0/mmcblk0p1',
 'TAGS': ':systemd:',
 'USEC_INITIALIZED': '26771975'} ;
INFO:blivet:scanning mmcblk0p1 (/sys/devices/pci0000:00/0000:00:1e.6/mmc_host/mmc0/mmc0:1234/block/mmcblk0/mmcblk0p1)...
WARNING:blivet:hidden is not a valid attribute
DEBUG:blivet:                    DeviceTree.get_device_by_name: name: mmcblk0p1 ; incomplete: False ; hidden: False ;
DEBUG:blivet:                    DeviceTree.get_device_by_name returned None
DEBUG:blivet:                   PartitionDevicePopulator.run: name: mmcblk0p1 ;
DEBUG:blivet:                     DeviceTree.get_device_by_name: name: mmcblk0p1 ; incomplete: False ; hidden: False ;
DEBUG:blivet:                     DeviceTree.get_device_by_name returned None
INFO:program:Running... udevadm settle --timeout=300
DEBUG:program:Return code: 0
DEBUG:testdata:sysfs attr /sys/class/block/sdb/device/model: 53544f5245204e20474f2020202020200a
DEBUG:testdata:sysfs attr /sys/class/block/sda/device/model: 53616e4469736b2053443953423857320a
DEBUG:testdata:sysfs attr /sys/class/block/sr0/device/model: 44564452414d20475545314e202020200a
DEBUG:blivet:                     DeviceTree.get_device_by_name: name: mmcblk0 ; incomplete: False ; hidden: False ;
DEBUG:blivet:                     DeviceTree.get_device_by_name returned existing 7.21 GiB disk mmcblk0 (43) with existing msdos disklabel
DEBUG:blivet:get_format('None') returning DeviceFormat instance with object id 53
DEBUG:blivet:                                DiskDevice.add_child: name: mmcblk0 ; child: mmcblk0p1 ; kids: 0 ;
DEBUG:blivet:get_format('None') returning DeviceFormat instance with object id 54
DEBUG:blivet:                           PartitionDevice._set_format: mmcblk0p1 ; type: None ; current: None ;
DEBUG:blivet:                         PartitionDevice.update_sysfs_path: mmcblk0p1 ; status: True ;
DEBUG:blivet:mmcblk0p1 sysfs_path set to /sys/devices/pci0000:00/0000:00:1e.6/mmc_host/mmc0/mmc0:1234/block/mmcblk0/mmcblk0p1
DEBUG:blivet:                               PartitionDevice.read_current_size: exists: True ; path: /dev/mmcblk0p1 ; sysfs_path: /sys/devices/pci0000:00/0000:00:1e.6/mmc_host/mmc0/mmc0:1234/block/mmcblk0/mmcblk0p1 ;
DEBUG:testdata:sysfs attr /sys/devices/pci0000:00/0000:00:1e.6/mmc_host/mmc0/mmc0:1234/block/mmcblk0/mmcblk0p1/size: 31353131383333360a
DEBUG:blivet:updated mmcblk0p1 size to 7.21 GiB (7.21 GiB)
DEBUG:blivet:looking up parted Partition: /dev/mmcblk0p1
DEBUG:blivet:                       PartitionDevice.probe: mmcblk0p1 ; exists: True ;
INFO:blivet:parted exception: msdos disk labels do not support partition type-uuids.
DEBUG:blivet:                         PartitionDevice.get_flag: path: /dev/mmcblk0p1 ; flag: 1 ;
DEBUG:blivet:                       PartitionDevice.get_flag: path: /dev/mmcblk0p1 ; flag: 10 ;
DEBUG:blivet:                       PartitionDevice.get_flag: path: /dev/mmcblk0p1 ; flag: 12 ;
DEBUG:blivet:                             PartitionDevice.read_current_size: exists: True ; path: /dev/mmcblk0p1 ; sysfs_path: /sys/devices/pci0000:00/0000:00:1e.6/mmc_host/mmc0/mmc0:1234/block/mmcblk0/mmcblk0p1 ;
DEBUG:testdata:sysfs attr /sys/devices/pci0000:00/0000:00:1e.6/mmc_host/mmc0/mmc0:1234/block/mmcblk0/mmcblk0p1/size: 31353131383333360a
DEBUG:blivet:updated mmcblk0p1 size to 7.21 GiB (7.21 GiB)
INFO:blivet:added partition mmcblk0p1 (id 52) to device tree
INFO:blivet:parted exception: msdos disk labels do not support partition names.
INFO:blivet:parted exception: msdos disk labels do not support partition type-uuids.
INFO:blivet:parted exception: msdos disk labels do not support partition names.
INFO:blivet:parted exception: msdos disk labels do not support partition type-uuids.
INFO:blivet:got device: PartitionDevice instance (0x7fec9f5ed400) --
  name = mmcblk0p1  status = True  id = 52
  children = []
  parents = ['existing 7.21 GiB disk mmcblk0 (43) with existing msdos disklabel']
  uuid = None  size = 7.21 GiB
  format = existing None
  major = 179  minor = 1  exists = True  protected = False
  sysfs path = /sys/devices/pci0000:00/0000:00:1e.6/mmc_host/mmc0/mmc0:1234/block/mmcblk0/mmcblk0p1
  target size = 7.21 GiB  path = /dev/mmcblk0p1
  format args = []  original_format = None  grow = None  max size = 0 B  bootable = None
  part type = 0  primary = None  start sector = None  end sector = None
  parted_partition = parted.Partition instance --
  disk: <parted.disk.Disk object at 0x7fec9ece7100>  fileSystem: <parted.filesystem.FileSystem object at 0x7fec9ecc4410>
  number: 1  path: /dev/mmcblk0p1  type: 0
  name: None  active: True  busy: False
  geometry: <parted.geometry.Geometry object at 0x7fec9ecc2050>  PedPartition: <_ped.Partition object at 0x7fec9ed00bd0>
  disk = existing 7.21 GiB disk mmcblk0 (43) with existing msdos disklabel
  start = 8192  end = 15126527  length = 15118336
  flags = 
DEBUG:blivet:                    DeviceTree.handle_format: name: mmcblk0p1 ;
DEBUG:blivet:                                EFIFS.supported: supported: True ;
DEBUG:blivet:get_format('efi') returning EFIFS instance with object id 56
DEBUG:blivet:                                  MacEFIFS.supported: supported: True ;
DEBUG:blivet:get_format('macefi') returning MacEFIFS instance with object id 57
DEBUG:blivet:                                   MacEFIFS.supported: supported: True ;
DEBUG:blivet:get_format('macefi') returning MacEFIFS instance with object id 58
INFO:blivet:type detected on 'mmcblk0p1' is 'vfat'
INFO:program:Running... udevadm settle --timeout=300
DEBUG:program:Return code: 0
INFO:program:Running [9] fsck.vfat -nv /dev/mmcblk0p1 ...
INFO:program:stdout[9]: fsck.fat 4.2 (2021-01-31)
Checking we can access the last sector of the filesystem
There are differences between boot sector and its backup.
This is mostly harmless. Differences: (offset:original/backup)
  65:01/00
  Not automatically fixing this.
Boot sector contents:
System ID "        "
Media byte 0xf8 (hard disk)
       512 bytes per logical sector
     32768 bytes per cluster
      4502 reserved sectors
First FAT starts at byte 2305024 (sector 4502)
         2 FATs, 32 bit entries
    944640 bytes per FAT (= 1845 sectors)
Root directory start at cluster 2 (arbitrary size)
Data area starts at byte 4194304 (sector 8192)
    236096 data clusters (7736393728 bytes)
63 sectors/track, 255 heads
      8192 hidden sectors
  15118336 sectors total
Checking for unused clusters.
Dirty bit is set. Fs was not properly unmounted and some data may be corrupt.
 Automatically removing dirty bit.
Checking free cluster summary.

Leaving filesystem unchanged.
/dev/mmcblk0p1: 564 files, 972/236096 clusters

INFO:program:stderr[9]: Cannot initialize conversion from codepage 850 to UTF-8: Invalid argument
Cannot initialize conversion from UTF-8 to codepage 850: Invalid argument
Using internal CP850 conversion table

INFO:program:...done [9] (exit code: 1)
INFO:blivet:Failed to obtain info for device /dev/mmcblk0p1: failed to gather fs info: Process reported exit code 1: Cannot initialize conversion from codepage 850 to UTF-8: Invalid argument
Cannot initialize conversion from UTF-8 to codepage 850: Invalid argument
Using internal CP850 conversion table

WARNING:blivet:Failed to obtain current size for device /dev/mmcblk0p1: No info available for size computation.
INFO:program:Running [10] fsck.vfat -nv /dev/mmcblk0p1 ...
INFO:program:stdout[10]: fsck.fat 4.2 (2021-01-31)
Checking we can access the last sector of the filesystem
There are differences between boot sector and its backup.
This is mostly harmless. Differences: (offset:original/backup)
  65:01/00
  Not automatically fixing this.
Boot sector contents:
System ID "        "
Media byte 0xf8 (hard disk)
       512 bytes per logical sector
     32768 bytes per cluster
      4502 reserved sectors
First FAT starts at byte 2305024 (sector 4502)
         2 FATs, 32 bit entries
    944640 bytes per FAT (= 1845 sectors)
Root directory start at cluster 2 (arbitrary size)
Data area starts at byte 4194304 (sector 8192)
    236096 data clusters (7736393728 bytes)
63 sectors/track, 255 heads
      8192 hidden sectors
  15118336 sectors total
Checking for unused clusters.
Dirty bit is set. Fs was not properly unmounted and some data may be corrupt.
 Automatically removing dirty bit.
Checking free cluster summary.

Leaving filesystem unchanged.
/dev/mmcblk0p1: 564 files, 972/236096 clusters

INFO:program:stderr[10]: Cannot initialize conversion from codepage 850 to UTF-8: Invalid argument
Cannot initialize conversion from UTF-8 to codepage 850: Invalid argument
Using internal CP850 conversion table

INFO:program:...done [10] (exit code: 1)
WARNING:blivet:Failed to obtain minimum size for device /dev/mmcblk0p1: failed to get fs min size: Process reported exit code 1: Cannot initialize conversion from codepage 850 to UTF-8: Invalid argument
Cannot initialize conversion from UTF-8 to codepage 850: Invalid argument
Using internal CP850 conversion table

DEBUG:blivet:                          FATFS.supported: supported: True ;
DEBUG:blivet:get_format('vfat') returning FATFS instance with object id 59
DEBUG:blivet:                         PartitionDevice._set_format: mmcblk0p1 ; type: vfat ; current: None ;
INFO:blivet:got format: existing vfat filesystem
DEBUG:blivet:                  DeviceTree.handle_device: name: loop0 ; info: {'CURRENT_TAGS': ':systemd:',
 'DEVLINKS': '/dev/disk/by-loop-inode/8:16-5837 '
             '/dev/disk/by-loop-ref/\\x2frun\\x2finstall\\x2frepo\\x2fimages\\x2finstall.img '
             '/dev/disk/by-diskseq/7',
 'DEVNAME': '/dev/loop0',
 'DEVPATH': '/devices/virtual/block/loop0',
 'DEVTYPE': 'disk',
 'DISKSEQ': '7',
 'ID_BLOCK_SUBSYSTEM': 'loop',
 'ID_FS_BLOCKSIZE': '131072',
 'ID_FS_SIZE': '818678899',
 'ID_FS_TYPE': 'squashfs',
 'ID_FS_USAGE': 'filesystem',
 'ID_FS_VERSION': '4.0',
 'ID_LOOP_BACKING_DEVICE': '8:16',
 'ID_LOOP_BACKING_FILENAME': '/run/install/repo/images/install.img',
 'ID_LOOP_BACKING_FILENAME_ENC': '\\x2frun\\x2finstall\\x2frepo\\x2fimages\\x2finstall.img',
 'ID_LOOP_BACKING_INODE': '5837',
 'MAJOR': '7',
 'MINOR': '0',
 'NVME_HOST_IFACE': 'none',
 'SUBSYSTEM': 'block',
 'SYS_NAME': 'loop0',
 'SYS_PATH': '/sys/devices/virtual/block/loop0',
 'TAGS': ':systemd:',
 'USEC_INITIALIZED': '26772097'} ;
INFO:blivet:scanning loop0 (/sys/devices/virtual/block/loop0)...
DEBUG:testdata:sysfs attr /sys/devices/virtual/block/loop0/hidden: 300a
DEBUG:blivet:                    DeviceTree.get_device_by_name: name: loop0 ; incomplete: False ; hidden: False ;
DEBUG:blivet:                    DeviceTree.get_device_by_name returned None
DEBUG:blivet:                   LoopDevicePopulator.run: name: loop0 ;
DEBUG:blivet:                     DeviceTree.get_device_by_name: name: /images/install.img ; incomplete: False ; hidden: False ;
DEBUG:blivet:                     DeviceTree.get_device_by_name returned None
DEBUG:blivet:get_format('None') returning DeviceFormat instance with object id 62
DEBUG:blivet:get_format('None') returning DeviceFormat instance with object id 63
DEBUG:blivet:                           FileDevice._set_format: /images/install.img ; type: None ; current: None ;
INFO:blivet:added file /images/install.img (id 61) to device tree
DEBUG:blivet:get_format('None') returning DeviceFormat instance with object id 66
DEBUG:blivet:                                FileDevice.add_child: name: /images/install.img ; child: loop0 ; kids: 0 ;
DEBUG:blivet:get_format('None') returning DeviceFormat instance with object id 67
DEBUG:blivet:                           LoopDevice._set_format: loop0 ; type: None ; current: None ;
INFO:blivet:added loop loop0 (id 65) to device tree
INFO:blivet:got device: LoopDevice instance (0x7fec9f5ecc20) --
  name = loop0  status = False  id = 65
  children = []
  parents = ['existing 0 B file /images/install.img (61)']
  uuid = None  size = 0 B
  format = existing None
  major = 0  minor = 0  exists = True  protected = False
  sysfs path = 
  target size = 0 B  path = /dev/loop0
  format args = []  original_format = None
DEBUG:testdata:sysfs attr /sys/devices/virtual/block/loop0/ro: 310a
DEBUG:blivet:                    DeviceTree.handle_format: name: loop0 ;
DEBUG:blivet:                                EFIFS.supported: supported: True ;
DEBUG:blivet:get_format('efi') returning EFIFS instance with object id 69
DEBUG:blivet:                                  MacEFIFS.supported: supported: True ;
DEBUG:blivet:get_format('macefi') returning MacEFIFS instance with object id 70
DEBUG:blivet:                                   MacEFIFS.supported: supported: True ;
DEBUG:blivet:get_format('macefi') returning MacEFIFS instance with object id 71
INFO:blivet:type detected on 'loop0' is 'squashfs'
DEBUG:blivet:get_format('squashfs') returning DeviceFormat instance with object id 72
DEBUG:blivet:                         LoopDevice._set_format: loop0 ; type: None ; current: None ;
INFO:blivet:got format: existing None
INFO:program:Running... udevadm settle --timeout=300
DEBUG:program:Return code: 0
DEBUG:testdata:sysfs attr /sys/class/block/sdb/device/model: 53544f5245204e20474f2020202020200a
DEBUG:testdata:sysfs attr /sys/class/block/sda/device/model: 53616e4469736b2053443953423857320a
DEBUG:testdata:sysfs attr /sys/class/block/sr0/device/model: 44564452414d20475545314e202020200a
DEBUG:testdata:device /dev/mmcblk0 data[440:443] = 00000000
INFO:blivet:edd: MBR signature on mmcblk0 is zero. new disk image?
DEBUG:testdata:device /dev/sda data[440:443] = 00000000
INFO:blivet:edd: MBR signature on sda is zero. new disk image?
INFO:blivet:edd: collected mbr signatures: {}
DEBUG:testdata:glob: /sys/firmware/edd/int13_dev*/
DEBUG:blivet:resolved 'LABEL=Fedora-S-dvd-x86_64-44' to 'sdb' (disk)
DEBUG:anaconda.storage:Resolved stage2 device to sdb.
DEBUG:blivet:               DeviceTree.get_device_by_name: name: sdb ; incomplete: False ; hidden: True ;
DEBUG:blivet:               DeviceTree.get_device_by_name returned existing 28.91 GiB disk sdb (4) with existing iso9660 filesystem
DEBUG:anaconda.storage:Resolved a stage2 source device to sdb.
DEBUG:anaconda.storage:Marking device sdb as protected.
DEBUG:anaconda.storage:Marking device sdb as protected.
DEBUG:anaconda.storage:Marking device sr0 as protected.
DEBUG:anaconda.storage:Marking ancestor sr0 of device sr0 as protected.
DEBUG:anaconda.storage:Marking device sdb as protected.
DEBUG:anaconda.storage:Marking ancestor sdb of device sdb as protected.
DEBUG:blivet:              PartitionDevice.teardown: sda1 ; status: True ; controllable: True ;
INFO:program:Running... udevadm settle --timeout=300
DEBUG:program:Return code: 0
DEBUG:testdata:sysfs attr /sys/class/block/sdb/device/model: 53544f5245204e20474f2020202020200a
DEBUG:testdata:sysfs attr /sys/class/block/sda/device/model: 53616e4469736b2053443953423857320a
DEBUG:testdata:sysfs attr /sys/class/block/sr0/device/model: 44564452414d20475545314e202020200a
INFO:program:Running... udevadm settle --timeout=300
DEBUG:program:Return code: 0
DEBUG:testdata:sysfs attr /sys/class/block/sdb/device/model: 53544f5245204e20474f2020202020200a
DEBUG:testdata:sysfs attr /sys/class/block/sda/device/model: 53616e4469736b2053443953423857320a
DEBUG:testdata:sysfs attr /sys/class/block/sr0/device/model: 44564452414d20475545314e202020200a
INFO:program:Running... udevadm settle --timeout=300
DEBUG:program:Return code: 0
DEBUG:testdata:sysfs attr /sys/class/block/sdb/device/model: 53544f5245204e20474f2020202020200a
DEBUG:testdata:sysfs attr /sys/class/block/sda/device/model: 53616e4469736b2053443953423857320a
DEBUG:testdata:sysfs attr /sys/class/block/sr0/device/model: 44564452414d20475545314e202020200a
DEBUG:blivet:                  EFIFS.teardown: device: /dev/sda1 ; type: efi ; status: False ;
DEBUG:blivet:                  EFIFS.teardown: device: /dev/sda1 ; type: efi ; status: False ;
DEBUG:blivet:                    DiskDevice.teardown: sda ; status: True ; controllable: True ;
DEBUG:blivet:                        DiskLabel.teardown: device: /dev/sda ; type: disklabel ; status: False ;
DEBUG:blivet:                        DiskLabel.teardown: device: /dev/sda ; type: disklabel ; status: False ;
DEBUG:blivet:              PartitionDevice.teardown: sda2 ; status: True ; controllable: True ;
INFO:program:Running... udevadm settle --timeout=300
DEBUG:program:Return code: 0
DEBUG:testdata:sysfs attr /sys/class/block/sdb/device/model: 53544f5245204e20474f2020202020200a
DEBUG:testdata:sysfs attr /sys/class/block/sda/device/model: 53616e4469736b2053443953423857320a
DEBUG:testdata:sysfs attr /sys/class/block/sr0/device/model: 44564452414d20475545314e202020200a
DEBUG:blivet:                  Ext4FS.teardown: device: /dev/sda2 ; type: ext4 ; status: False ;
DEBUG:blivet:                  Ext4FS.teardown: device: /dev/sda2 ; type: ext4 ; status: False ;
DEBUG:blivet:                    DiskDevice.teardown: sda ; status: True ; controllable: True ;
DEBUG:blivet:                        DiskLabel.teardown: device: /dev/sda ; type: disklabel ; status: False ;
DEBUG:blivet:                        DiskLabel.teardown: device: /dev/sda ; type: disklabel ; status: False ;
DEBUG:blivet:              PartitionDevice.teardown: mmcblk0p1 ; status: True ; controllable: True ;
INFO:program:Running... udevadm settle --timeout=300
DEBUG:program:Return code: 0
DEBUG:testdata:sysfs attr /sys/class/block/sdb/device/model: 53544f5245204e20474f2020202020200a
DEBUG:testdata:sysfs attr /sys/class/block/sda/device/model: 53616e4469736b2053443953423857320a
DEBUG:testdata:sysfs attr /sys/class/block/sr0/device/model: 44564452414d20475545314e202020200a
DEBUG:blivet:                  FATFS.teardown: device: /dev/mmcblk0p1 ; type: vfat ; status: False ;
DEBUG:blivet:                  FATFS.teardown: device: /dev/mmcblk0p1 ; type: vfat ; status: False ;
DEBUG:blivet:                    DiskDevice.teardown: mmcblk0 ; status: True ; controllable: True ;
DEBUG:blivet:                        DiskLabel.teardown: device: /dev/mmcblk0 ; type: disklabel ; status: False ;
DEBUG:blivet:                        DiskLabel.teardown: device: /dev/mmcblk0 ; type: disklabel ; status: False ;
INFO:anaconda.modules.storage.bootloader.factory:Created the boot loader EFIGRUB.
DEBUG:blivet:              PartitionDevice.setup: sda2 ; orig: False ; status: True ; controllable: True ;
DEBUG:blivet:                Ext4FS.setup: device: /dev/sda2 ; type: ext4 ; status: False ;
INFO:program:Mounting /dev/sda2 (fstype ext4) to /mnt/sysimage with options: defaults,ro
INFO:program:Running... arch
INFO:program:stdout:
INFO:program:x86_64
DEBUG:program:Return code: 0
DEBUG:anaconda.modules.storage.devicetree.root:blkid.tab devs: []
DEBUG:anaconda.modules.storage.devicetree.root:crypttab maps: []
DEBUG:blivet:                  DeviceTree.get_device_by_path: path: /dev/sda2 ; incomplete: False ; hidden: False ;
DEBUG:blivet:                  DeviceTree.get_device_by_path returned existing 237.42 GiB partition sda2 (29) with existing ext4 filesystem
DEBUG:blivet:resolved '/dev/sda2' to 'sda2' (partition)
DEBUG:blivet:                  DeviceTree.get_device_by_path: path: /dev/sda1 ; incomplete: False ; hidden: False ;
DEBUG:blivet:                  DeviceTree.get_device_by_path returned existing 1.05 GiB partition sda1 (22) with existing efi filesystem
DEBUG:blivet:resolved '/dev/sda1' to 'sda1' (partition)
DEBUG:blivet:                  DeviceTree.get_device_by_name: name: /swap.img ; incomplete: False ; hidden: False ;
DEBUG:blivet:                  DeviceTree.get_device_by_name returned None
DEBUG:blivet:                  DeviceTree.get_device_by_path: path: /dev//swap.img ; incomplete: False ; hidden: False ;
DEBUG:blivet:                  DeviceTree.get_device_by_path returned None
DEBUG:blivet:                  DeviceTree.get_device_by_name: name: -swap.img ; incomplete: False ; hidden: False ;
DEBUG:blivet:                  DeviceTree.get_device_by_name returned None
DEBUG:blivet:failed to resolve '/dev//swap.img'
INFO:program:Running... umount /mnt/sysimage
DEBUG:program:Return code: 0
DEBUG:blivet:               PartitionDevice.teardown: sda1 ; status: True ; controllable: True ;
DEBUG:blivet:                   EFIFS.teardown: device: /dev/sda1 ; type: efi ; status: False ;
DEBUG:blivet:                   EFIFS.teardown: device: /dev/sda1 ; type: efi ; status: False ;
DEBUG:blivet:                     DiskDevice.teardown: sda ; status: True ; controllable: True ;
DEBUG:blivet:                         DiskLabel.teardown: device: /dev/sda ; type: disklabel ; status: False ;
DEBUG:blivet:                         DiskLabel.teardown: device: /dev/sda ; type: disklabel ; status: False ;
DEBUG:blivet:               PartitionDevice.teardown: sda2 ; status: True ; controllable: True ;
DEBUG:blivet:                   Ext4FS.teardown: device: /dev/sda2 ; type: ext4 ; status: False ;
DEBUG:blivet:                   Ext4FS.teardown: device: /dev/sda2 ; type: ext4 ; status: False ;
DEBUG:blivet:                     DiskDevice.teardown: sda ; status: True ; controllable: True ;
DEBUG:blivet:                         DiskLabel.teardown: device: /dev/sda ; type: disklabel ; status: False ;
DEBUG:blivet:                         DiskLabel.teardown: device: /dev/sda ; type: disklabel ; status: False ;
DEBUG:blivet:               PartitionDevice.teardown: mmcblk0p1 ; status: True ; controllable: True ;
DEBUG:blivet:                   FATFS.teardown: device: /dev/mmcblk0p1 ; type: vfat ; status: False ;
DEBUG:blivet:                   FATFS.teardown: device: /dev/mmcblk0p1 ; type: vfat ; status: False ;
DEBUG:blivet:                     DiskDevice.teardown: mmcblk0 ; status: True ; controllable: True ;
DEBUG:blivet:                         DiskLabel.teardown: device: /dev/mmcblk0 ; type: disklabel ; status: False ;
DEBUG:blivet:                         DiskLabel.teardown: device: /dev/mmcblk0 ; type: disklabel ; status: False ;
DEBUG:blivet:                      FATFS.supported: supported: True ;
DEBUG:blivet:                        EFIFS.supported: supported: True ;
DEBUG:blivet:                      Ext4FS.supported: supported: True ;
DEBUG:blivet:                    Iso9660FS.supported: supported: True ;
INFO:anaconda.core.threads:Thread Done: AnaTaskThread-ScanDevicesTask-1 (140654262445760)
DEBUG:anaconda.modules.storage.storage:The storage model has changed.
DEBUG:anaconda.modules.storage.storage:The storage model has changed.
DEBUG:anaconda.modules.storage.storage:The partitioning NONE is applied.
DEBUG:anaconda.modules.storage.storage:Created the partitioning AUTOMATIC.
DEBUG:dasbus.connection:Publishing an object at /org/fedoraproject/Anaconda/Modules/Storage/Partitioning/1.
DEBUG:anaconda.modules.storage.disk_selection.selection:Selected disks are set to '['sda', 'sdb', 'mmcblk0']'.
DEBUG:blivet:             DeviceTree.get_device_by_device_id: device_id: mmcblk0 ; incomplete: True ; hidden: True ;
DEBUG:blivet:             DeviceTree.get_device_by_device_id returned existing 7.21 GiB disk mmcblk0 (43) with existing msdos disklabel
DEBUG:blivet:              DeviceTree.get_device_by_device_id: device_id: mmcblk0 ; incomplete: True ; hidden: True ;
DEBUG:blivet:              DeviceTree.get_device_by_device_id returned existing 7.21 GiB disk mmcblk0 (43) with existing msdos disklabel
DEBUG:blivet:             DeviceTree.get_device_by_device_id: device_id: sda ; incomplete: True ; hidden: True ;
DEBUG:blivet:             DeviceTree.get_device_by_device_id returned existing 238.47 GiB disk sda (13) with existing gpt disklabel
DEBUG:blivet:              DeviceTree.get_device_by_device_id: device_id: sda ; incomplete: True ; hidden: True ;
DEBUG:blivet:              DeviceTree.get_device_by_device_id returned existing 238.47 GiB disk sda (13) with existing gpt disklabel
DEBUG:blivet:              DeviceTree.get_device_by_device_id: device_id: sda ; incomplete: True ; hidden: True ;
DEBUG:blivet:              DeviceTree.get_device_by_device_id returned existing 238.47 GiB disk sda (13) with existing gpt disklabel
DEBUG:blivet:              DeviceTree.get_device_by_device_id: device_id: mmcblk0 ; incomplete: True ; hidden: True ;
DEBUG:blivet:              DeviceTree.get_device_by_device_id returned existing 7.21 GiB disk mmcblk0 (43) with existing msdos disklabel
DEBUG:blivet:              DeviceTree.get_device_by_device_id: device_id: sda ; incomplete: True ; hidden: True ;
DEBUG:blivet:              DeviceTree.get_device_by_device_id returned existing 238.47 GiB disk sda (13) with existing gpt disklabel
DEBUG:blivet:              DeviceTree.get_device_by_device_id: device_id: mmcblk0 ; incomplete: True ; hidden: True ;
DEBUG:blivet:              DeviceTree.get_device_by_device_id returned existing 7.21 GiB disk mmcblk0 (43) with existing msdos disklabel
DEBUG:blivet:              DeviceTree.get_device_by_device_id: device_id: mmcblk0 ; incomplete: True ; hidden: True ;
DEBUG:blivet:              DeviceTree.get_device_by_device_id returned existing 7.21 GiB disk mmcblk0 (43) with existing msdos disklabel
DEBUG:blivet:              DeviceTree.get_device_by_device_id: device_id: mmcblk0 ; incomplete: True ; hidden: True ;
DEBUG:blivet:              DeviceTree.get_device_by_device_id returned existing 7.21 GiB disk mmcblk0 (43) with existing msdos disklabel
DEBUG:blivet:              DeviceTree.get_device_by_device_id: device_id: mmcblk0 ; incomplete: True ; hidden: True ;
DEBUG:blivet:              DeviceTree.get_device_by_device_id returned existing 7.21 GiB disk mmcblk0 (43) with existing msdos disklabel
DEBUG:blivet:              DeviceTree.get_device_by_device_id: device_id: sda ; incomplete: True ; hidden: True ;
DEBUG:blivet:              DeviceTree.get_device_by_device_id returned existing 238.47 GiB disk sda (13) with existing gpt disklabel
DEBUG:blivet:              DeviceTree.get_device_by_device_id: device_id: mmcblk0 ; incomplete: True ; hidden: True ;
DEBUG:blivet:              DeviceTree.get_device_by_device_id returned existing 7.21 GiB disk mmcblk0 (43) with existing msdos disklabel
DEBUG:blivet:              DeviceTree.get_device_by_device_id: device_id: sda ; incomplete: True ; hidden: True ;
DEBUG:blivet:              DeviceTree.get_device_by_device_id returned existing 238.47 GiB disk sda (13) with existing gpt disklabel
DEBUG:blivet:              DeviceTree.get_device_by_device_id: device_id: mmcblk0 ; incomplete: True ; hidden: True ;
DEBUG:blivet:              DeviceTree.get_device_by_device_id returned existing 7.21 GiB disk mmcblk0 (43) with existing msdos disklabel
DEBUG:blivet:              DeviceTree.get_device_by_device_id: device_id: mmcblk0 ; incomplete: True ; hidden: True ;
DEBUG:blivet:              DeviceTree.get_device_by_device_id returned existing 7.21 GiB disk mmcblk0 (43) with existing msdos disklabel
DEBUG:blivet:              DeviceTree.get_device_by_device_id: device_id: mmcblk0 ; incomplete: True ; hidden: True ;
DEBUG:blivet:              DeviceTree.get_device_by_device_id returned existing 7.21 GiB disk mmcblk0 (43) with existing msdos disklabel
DEBUG:blivet:              DeviceTree.get_device_by_device_id: device_id: sda ; incomplete: True ; hidden: True ;
DEBUG:blivet:              DeviceTree.get_device_by_device_id returned existing 238.47 GiB disk sda (13) with existing gpt disklabel
DEBUG:blivet:              DeviceTree.get_device_by_device_id: device_id: mmcblk0 ; incomplete: True ; hidden: True ;
DEBUG:blivet:              DeviceTree.get_device_by_device_id returned existing 7.21 GiB disk mmcblk0 (43) with existing msdos disklabel
DEBUG:blivet:              DeviceTree.get_device_by_device_id: device_id: sda ; incomplete: True ; hidden: True ;
DEBUG:blivet:              DeviceTree.get_device_by_device_id returned existing 238.47 GiB disk sda (13) with existing gpt disklabel
DEBUG:blivet:              DeviceTree.get_device_by_device_id: device_id: sda ; incomplete: True ; hidden: True ;
DEBUG:blivet:              DeviceTree.get_device_by_device_id returned existing 238.47 GiB disk sda (13) with existing gpt disklabel
DEBUG:blivet:              DeviceTree.get_device_by_device_id: device_id: sda ; incomplete: True ; hidden: True ;
DEBUG:blivet:              DeviceTree.get_device_by_device_id returned existing 238.47 GiB disk sda (13) with existing gpt disklabel
DEBUG:blivet:              DeviceTree.get_device_by_device_id: device_id: sda ; incomplete: True ; hidden: True ;
DEBUG:blivet:              DeviceTree.get_device_by_device_id returned existing 238.47 GiB disk sda (13) with existing gpt disklabel
DEBUG:blivet:              DeviceTree.get_device_by_device_id: device_id: sda ; incomplete: True ; hidden: True ;
DEBUG:blivet:              DeviceTree.get_device_by_device_id returned existing 238.47 GiB disk sda (13) with existing gpt disklabel
DEBUG:blivet:             DeviceTree.get_device_by_device_id: device_id: sda ; incomplete: False ; hidden: True ;
DEBUG:blivet:             DeviceTree.get_device_by_device_id returned existing 238.47 GiB disk sda (13) with existing gpt disklabel
DEBUG:blivet:               DeviceTree.get_dependent_devices: dep: existing 238.47 GiB disk sda (13) with existing gpt disklabel ; hidden: True ;
DEBUG:blivet:checking if sdb depends on sda
DEBUG:blivet:checking if sda depends on sda
DEBUG:blivet:checking if sda1 depends on sda
DEBUG:blivet:checking if sda2 depends on sda
DEBUG:blivet:checking if sr0 depends on sda
DEBUG:blivet:checking if mmcblk0 depends on sda
DEBUG:blivet:checking if mmcblk0p1 depends on sda
DEBUG:blivet:checking if /images/install.img depends on sda
DEBUG:blivet:checking if loop0 depends on sda
DEBUG:anaconda.modules.storage.disk_initialization.initialization:The initialization mode is set to 'InitializationMode.CLEAR_NONE'.
DEBUG:anaconda.modules.storage.disk_initialization.initialization:Can initialize labels is set to 'True'.
DEBUG:blivet:              DeviceTree.get_device_by_device_id: device_id: sda ; incomplete: True ; hidden: True ;
DEBUG:blivet:              DeviceTree.get_device_by_device_id returned existing 238.47 GiB disk sda (13) with existing gpt disklabel
DEBUG:anaconda.modules.storage.disk_selection.selection:Selected disks are set to '['sda']'.
DEBUG:anaconda.modules.storage.disk_initialization.initialization:Drives to clear are set to '['sda']'.
DEBUG:anaconda.modules.storage.storage:Created the partitioning AUTOMATIC.
DEBUG:dasbus.connection:Publishing an object at /org/fedoraproject/Anaconda/Modules/Storage/Partitioning/2.
DEBUG:anaconda.modules.storage.partitioning.automatic.automatic_module:Request is set to 'PartitioningRequest(backup_passphrase_enabled=False, cipher='', encrypted=False, escrow_certificate='', excluded_mount_points=[], file_system_type='', hibernation=False, luks_version='', opal_admin_passphrase_set=False, partitioning_scheme=1, passphrase_set=False, pbkdf='', pbkdf_iterations=0, pbkdf_memory=0, pbkdf_time=0, reformatted_mount_points=[], removed_mount_points=[], reused_mount_points=[])'.
DEBUG:dasbus.connection:Publishing an object at /org/fedoraproject/Anaconda/Modules/Storage/DeviceTree/1.
DEBUG:anaconda.modules.storage.partitioning.base:Creating a new storage playground for AUTOMATIC with selected disks ['sda'].
DEBUG:anaconda.storage:Creating a copy of the storage model.
DEBUG:blivet:starting Blivet copy
DEBUG:blivet:                         PartitionDevice._set_parted_partition: mmcblk0p1 ;
DEBUG:blivet:device mmcblk0p1 new parted_partition parted.Partition instance --
  disk: <parted.disk.Disk object at 0x7fec9ec24130>  fileSystem: <parted.filesystem.FileSystem object at 0x7fec9ebb90f0>
  number: 1  path: /dev/mmcblk0p1  type: 0
  name: None  active: True  busy: False
  geometry: <parted.geometry.Geometry object at 0x7fec9ebc6ab0>  PedPartition: <_ped.Partition object at 0x7fec9ec23fb0>
DEBUG:blivet:                         PartitionDevice._set_parted_partition: sda1 ;
DEBUG:blivet:device sda1 new parted_partition parted.Partition instance --
  disk: <parted.disk.Disk object at 0x7fec9f5cf850>  fileSystem: <parted.filesystem.FileSystem object at 0x7fec9ebb9480>
  number: 1  path: /dev/sda1  type: 0
  name:   active: True  busy: False
  geometry: <parted.geometry.Geometry object at 0x7fec9ec39af0>  PedPartition: <_ped.Partition object at 0x7fec9ec36610>
DEBUG:blivet:                         PartitionDevice._set_parted_partition: sda2 ;
DEBUG:blivet:device sda2 new parted_partition parted.Partition instance --
  disk: <parted.disk.Disk object at 0x7fec9f5cf850>  fileSystem: <parted.filesystem.FileSystem object at 0x7fec9f6e9370>
  number: 2  path: /dev/sda2  type: 0
  name:   active: True  busy: False
  geometry: <parted.geometry.Geometry object at 0x7fec9ec39bb0>  PedPartition: <_ped.Partition object at 0x7fec9ec36660>
DEBUG:blivet:finished Blivet copy
DEBUG:blivet:                       DeviceTree.get_device_by_id: id_num: 29 ; incomplete: False ; hidden: True ;
DEBUG:blivet:                       DeviceTree.get_device_by_id returned existing 237.42 GiB partition sda2 (29) with existing ext4 filesystem
DEBUG:blivet:                       DeviceTree.get_device_by_id: id_num: 22 ; incomplete: False ; hidden: True ;
DEBUG:blivet:                       DeviceTree.get_device_by_id returned existing 1.05 GiB partition sda1 (22) with existing efi filesystem
DEBUG:blivet:                        DeviceTree.get_device_by_id: id_num: 29 ; incomplete: False ; hidden: True ;
DEBUG:blivet:                        DeviceTree.get_device_by_id returned existing 237.42 GiB partition sda2 (29) with existing ext4 filesystem
DEBUG:blivet:                        DeviceTree.get_device_by_id: id_num: 22 ; incomplete: False ; hidden: True ;
DEBUG:blivet:                        DeviceTree.get_device_by_id returned existing 1.05 GiB partition sda1 (22) with existing efi filesystem
DEBUG:blivet:                        DeviceTree.get_device_by_id: id_num: 29 ; incomplete: False ; hidden: True ;
DEBUG:blivet:                        DeviceTree.get_device_by_id returned existing 237.42 GiB partition sda2 (29) with existing ext4 filesystem
DEBUG:blivet:                        DeviceTree.get_device_by_id: id_num: 22 ; incomplete: False ; hidden: True ;
DEBUG:blivet:                        DeviceTree.get_device_by_id returned existing 1.05 GiB partition sda1 (22) with existing efi filesystem
DEBUG:anaconda.storage:Finished a copy of the storage model.
INFO:blivet:hiding device existing 7.21 GiB partition mmcblk0p1 (52) with existing vfat filesystem
DEBUG:blivet:                               DiskDevice.remove_child: name: mmcblk0 ; child: mmcblk0p1 ; kids: 1 ;
INFO:blivet:removed partition mmcblk0p1 (id 52) from device tree
INFO:blivet:hiding device existing 7.21 GiB disk mmcblk0 (43) with existing msdos disklabel
INFO:blivet:removed disk mmcblk0 (id 43) from device tree
DEBUG:blivet:              DeviceTree.get_device_by_device_id: device_id: sda ; incomplete: True ; hidden: True ;
DEBUG:blivet:              DeviceTree.get_device_by_device_id returned existing 238.47 GiB disk sda (13) with existing gpt disklabel
DEBUG:blivet:              DeviceTree.get_device_by_device_id: device_id: sda ; incomplete: True ; hidden: True ;
DEBUG:blivet:              DeviceTree.get_device_by_device_id returned existing 238.47 GiB disk sda (13) with existing gpt disklabel
DEBUG:blivet:              DeviceTree.get_device_by_device_id: device_id: sda ; incomplete: True ; hidden: True ;
DEBUG:blivet:              DeviceTree.get_device_by_device_id returned existing 238.47 GiB disk sda (13) with existing gpt disklabel
DEBUG:blivet:              DeviceTree.get_device_by_device_id: device_id: sda ; incomplete: True ; hidden: True ;
DEBUG:blivet:              DeviceTree.get_device_by_device_id returned existing 238.47 GiB disk sda (13) with existing gpt disklabel
DEBUG:anaconda.modules.storage.disk_selection.selection:Selected disks are set to '['sda']'.
DEBUG:anaconda.modules.storage.disk_initialization.initialization:Drives to clear are set to '['sda']'.
DEBUG:anaconda.modules.storage.storage:The storage model has changed.
DEBUG:anaconda.modules.storage.storage:The partitioning NONE is applied.
DEBUG:blivet:              DeviceTree.get_device_by_device_id: device_id: mmcblk0 ; incomplete: True ; hidden: True ;
DEBUG:blivet:              DeviceTree.get_device_by_device_id returned existing 7.21 GiB disk mmcblk0 (43) with existing msdos disklabel
DEBUG:blivet:              DeviceTree.get_device_by_device_id: device_id: sda ; incomplete: True ; hidden: True ;
DEBUG:blivet:              DeviceTree.get_device_by_device_id returned existing 238.47 GiB disk sda (13) with existing gpt disklabel
DEBUG:blivet:             DeviceTree.get_device_by_device_id: device_id: mmcblk0 ; incomplete: True ; hidden: True ;
DEBUG:blivet:             DeviceTree.get_device_by_device_id returned existing 7.21 GiB disk mmcblk0 (43) with existing msdos disklabel
DEBUG:blivet:             DeviceTree.get_device_by_device_id: device_id: sda ; incomplete: True ; hidden: True ;
DEBUG:blivet:             DeviceTree.get_device_by_device_id returned existing 238.47 GiB disk sda (13) with existing gpt disklabel
DEBUG:blivet:              DeviceTree.get_device_by_device_id: device_id: sda ; incomplete: True ; hidden: True ;
DEBUG:blivet:              DeviceTree.get_device_by_device_id returned existing 238.47 GiB disk sda (13) with existing gpt disklabel
DEBUG:anaconda.modules.storage.disk_selection.selection:Selected disks are set to '['sda']'.
DEBUG:anaconda.modules.storage.disk_initialization.initialization:Drives to clear are set to '['sda']'.
DEBUG:blivet:             DeviceTree.get_device_by_device_id: device_id: mmcblk0 ; incomplete: True ; hidden: True ;
DEBUG:blivet:             DeviceTree.get_device_by_device_id returned existing 7.21 GiB disk mmcblk0 (43) with existing msdos disklabel
DEBUG:blivet:              DeviceTree.get_device_by_device_id: device_id: mmcblk0 ; incomplete: True ; hidden: True ;
DEBUG:blivet:              DeviceTree.get_device_by_device_id returned existing 7.21 GiB disk mmcblk0 (43) with existing msdos disklabel
DEBUG:blivet:             DeviceTree.get_device_by_device_id: device_id: sda ; incomplete: True ; hidden: True ;
DEBUG:blivet:             DeviceTree.get_device_by_device_id returned existing 238.47 GiB disk sda (13) with existing gpt disklabel
DEBUG:blivet:              DeviceTree.get_device_by_device_id: device_id: sda ; incomplete: True ; hidden: True ;
DEBUG:blivet:              DeviceTree.get_device_by_device_id returned existing 238.47 GiB disk sda (13) with existing gpt disklabel
DEBUG:blivet:              DeviceTree.get_device_by_device_id: device_id: sda ; incomplete: True ; hidden: True ;
DEBUG:blivet:              DeviceTree.get_device_by_device_id returned existing 238.47 GiB disk sda (13) with existing gpt disklabel
DEBUG:blivet:              DeviceTree.get_device_by_device_id: device_id: sda ; incomplete: True ; hidden: True ;
DEBUG:blivet:              DeviceTree.get_device_by_device_id returned existing 238.47 GiB disk sda (13) with existing gpt disklabel
DEBUG:blivet:              DeviceTree.get_device_by_device_id: device_id: sda ; incomplete: True ; hidden: True ;
DEBUG:blivet:              DeviceTree.get_device_by_device_id returned existing 238.47 GiB disk sda (13) with existing gpt disklabel
DEBUG:blivet:              DeviceTree.get_device_by_device_id: device_id: sda ; incomplete: True ; hidden: True ;
DEBUG:blivet:              DeviceTree.get_device_by_device_id returned existing 238.47 GiB disk sda (13) with existing gpt disklabel
DEBUG:blivet:              DeviceTree.get_device_by_device_id: device_id: sda ; incomplete: True ; hidden: True ;
DEBUG:blivet:              DeviceTree.get_device_by_device_id returned existing 238.47 GiB disk sda (13) with existing gpt disklabel
DEBUG:blivet:              DeviceTree.get_device_by_device_id: device_id: sda ; incomplete: True ; hidden: True ;
DEBUG:blivet:              DeviceTree.get_device_by_device_id returned existing 238.47 GiB disk sda (13) with existing gpt disklabel
DEBUG:blivet:              DeviceTree.get_device_by_device_id: device_id: sda ; incomplete: True ; hidden: True ;
DEBUG:blivet:              DeviceTree.get_device_by_device_id returned existing 238.47 GiB disk sda (13) with existing gpt disklabel
DEBUG:blivet:              DeviceTree.get_device_by_device_id: device_id: sda ; incomplete: True ; hidden: True ;
DEBUG:blivet:              DeviceTree.get_device_by_device_id returned existing 238.47 GiB disk sda (13) with existing gpt disklabel
DEBUG:blivet:              DeviceTree.get_device_by_device_id: device_id: sda ; incomplete: True ; hidden: True ;
DEBUG:blivet:              DeviceTree.get_device_by_device_id returned existing 238.47 GiB disk sda (13) with existing gpt disklabel
DEBUG:blivet:              DeviceTree.get_device_by_device_id: device_id: sda ; incomplete: True ; hidden: True ;
DEBUG:blivet:              DeviceTree.get_device_by_device_id returned existing 238.47 GiB disk sda (13) with existing gpt disklabel
DEBUG:blivet:              DeviceTree.get_device_by_device_id: device_id: sda ; incomplete: True ; hidden: True ;
DEBUG:blivet:              DeviceTree.get_device_by_device_id returned existing 238.47 GiB disk sda (13) with existing gpt disklabel
DEBUG:blivet:              DeviceTree.get_device_by_device_id: device_id: mmcblk0 ; incomplete: True ; hidden: True ;
DEBUG:blivet:              DeviceTree.get_device_by_device_id returned existing 7.21 GiB disk mmcblk0 (43) with existing msdos disklabel
DEBUG:blivet:              DeviceTree.get_device_by_device_id: device_id: sda ; incomplete: True ; hidden: True ;
DEBUG:blivet:              DeviceTree.get_device_by_device_id returned existing 238.47 GiB disk sda (13) with existing gpt disklabel
DEBUG:blivet:              DeviceTree.get_device_by_device_id: device_id: mmcblk0 ; incomplete: True ; hidden: True ;
DEBUG:blivet:              DeviceTree.get_device_by_device_id returned existing 7.21 GiB disk mmcblk0 (43) with existing msdos disklabel
DEBUG:blivet:              DeviceTree.get_device_by_device_id: device_id: sda ; incomplete: True ; hidden: True ;
DEBUG:blivet:              DeviceTree.get_device_by_device_id returned existing 238.47 GiB disk sda (13) with existing gpt disklabel
DEBUG:blivet:              DeviceTree.get_device_by_device_id: device_id: sda ; incomplete: True ; hidden: True ;
DEBUG:blivet:              DeviceTree.get_device_by_device_id returned existing 238.47 GiB disk sda (13) with existing gpt disklabel
DEBUG:blivet:              DeviceTree.get_device_by_device_id: device_id: sda ; incomplete: True ; hidden: True ;
DEBUG:blivet:              DeviceTree.get_device_by_device_id returned existing 238.47 GiB disk sda (13) with existing gpt disklabel
DEBUG:blivet:              DeviceTree.get_device_by_device_id: device_id: mmcblk0 ; incomplete: True ; hidden: True ;
DEBUG:blivet:              DeviceTree.get_device_by_device_id returned existing 7.21 GiB disk mmcblk0 (43) with existing msdos disklabel
DEBUG:blivet:              DeviceTree.get_device_by_device_id: device_id: sda ; incomplete: True ; hidden: True ;
DEBUG:blivet:              DeviceTree.get_device_by_device_id returned existing 238.47 GiB disk sda (13) with existing gpt disklabel
DEBUG:blivet:              DeviceTree.get_device_by_device_id: device_id: mmcblk0 ; incomplete: True ; hidden: True ;
DEBUG:blivet:              DeviceTree.get_device_by_device_id returned existing 7.21 GiB disk mmcblk0 (43) with existing msdos disklabel
DEBUG:blivet:              DeviceTree.get_device_by_device_id: device_id: mmcblk0 ; incomplete: True ; hidden: True ;
DEBUG:blivet:              DeviceTree.get_device_by_device_id returned existing 7.21 GiB disk mmcblk0 (43) with existing msdos disklabel
DEBUG:blivet:              DeviceTree.get_device_by_device_id: device_id: mmcblk0 ; incomplete: True ; hidden: True ;
DEBUG:blivet:              DeviceTree.get_device_by_device_id returned existing 7.21 GiB disk mmcblk0 (43) with existing msdos disklabel
DEBUG:blivet:              DeviceTree.get_device_by_device_id: device_id: mmcblk0 ; incomplete: True ; hidden: True ;
DEBUG:blivet:              DeviceTree.get_device_by_device_id returned existing 7.21 GiB disk mmcblk0 (43) with existing msdos disklabel
DEBUG:blivet:              DeviceTree.get_device_by_device_id: device_id: sda ; incomplete: True ; hidden: True ;
DEBUG:blivet:              DeviceTree.get_device_by_device_id returned existing 238.47 GiB disk sda (13) with existing gpt disklabel
DEBUG:blivet:              DeviceTree.get_device_by_device_id: device_id: mmcblk0 ; incomplete: True ; hidden: True ;
DEBUG:blivet:              DeviceTree.get_device_by_device_id returned existing 7.21 GiB disk mmcblk0 (43) with existing msdos disklabel
DEBUG:blivet:              DeviceTree.get_device_by_device_id: device_id: sda ; incomplete: True ; hidden: True ;
DEBUG:blivet:              DeviceTree.get_device_by_device_id returned existing 238.47 GiB disk sda (13) with existing gpt disklabel
DEBUG:blivet:              DeviceTree.get_device_by_device_id: device_id: sda ; incomplete: True ; hidden: True ;
DEBUG:blivet:              DeviceTree.get_device_by_device_id returned existing 238.47 GiB disk sda (13) with existing gpt disklabel
DEBUG:blivet:              DeviceTree.get_device_by_device_id: device_id: sda ; incomplete: True ; hidden: True ;
DEBUG:blivet:              DeviceTree.get_device_by_device_id returned existing 238.47 GiB disk sda (13) with existing gpt disklabel
DEBUG:blivet:              DeviceTree.get_device_by_device_id: device_id: sda ; incomplete: True ; hidden: True ;
DEBUG:blivet:              DeviceTree.get_device_by_device_id returned existing 238.47 GiB disk sda (13) with existing gpt disklabel
DEBUG:blivet:              DeviceTree.get_device_by_device_id: device_id: sda ; incomplete: True ; hidden: True ;
DEBUG:blivet:              DeviceTree.get_device_by_device_id returned existing 238.47 GiB disk sda (13) with existing gpt disklabel
DEBUG:blivet:             DeviceTree.get_device_by_device_id: device_id: sda ; incomplete: False ; hidden: True ;
DEBUG:blivet:             DeviceTree.get_device_by_device_id returned existing 238.47 GiB disk sda (13) with existing gpt disklabel
DEBUG:blivet:               DeviceTree.get_dependent_devices: dep: existing 238.47 GiB disk sda (13) with existing gpt disklabel ; hidden: True ;
DEBUG:blivet:checking if sdb depends on sda
DEBUG:blivet:checking if sda depends on sda
DEBUG:blivet:checking if sda1 depends on sda
DEBUG:blivet:checking if sda2 depends on sda
DEBUG:blivet:checking if sr0 depends on sda
DEBUG:blivet:checking if mmcblk0 depends on sda
DEBUG:blivet:checking if mmcblk0p1 depends on sda
DEBUG:blivet:checking if /images/install.img depends on sda
DEBUG:blivet:checking if loop0 depends on sda
DEBUG:anaconda.modules.storage.disk_initialization.initialization:The initialization mode is set to 'InitializationMode.CLEAR_NONE'.
DEBUG:anaconda.modules.storage.disk_initialization.initialization:Can initialize labels is set to 'True'.
DEBUG:blivet:              DeviceTree.get_device_by_device_id: device_id: sda ; incomplete: True ; hidden: True ;
DEBUG:blivet:              DeviceTree.get_device_by_device_id returned existing 238.47 GiB disk sda (13) with existing gpt disklabel
DEBUG:anaconda.modules.storage.disk_selection.selection:Selected disks are set to '['sda']'.
DEBUG:anaconda.modules.storage.disk_initialization.initialization:Drives to clear are set to '['sda']'.
DEBUG:anaconda.modules.storage.storage:Created the partitioning AUTOMATIC.
DEBUG:dasbus.connection:Publishing an object at /org/fedoraproject/Anaconda/Modules/Storage/Partitioning/3.
DEBUG:anaconda.modules.storage.partitioning.automatic.automatic_module:Request is set to 'PartitioningRequest(backup_passphrase_enabled=False, cipher='', encrypted=False, escrow_certificate='', excluded_mount_points=[], file_system_type='', hibernation=False, luks_version='', opal_admin_passphrase_set=False, partitioning_scheme=1, passphrase_set=False, pbkdf='', pbkdf_iterations=0, pbkdf_memory=0, pbkdf_time=0, reformatted_mount_points=[], removed_mount_points=[], reused_mount_points=[])'.
DEBUG:dasbus.connection:Publishing an object at /org/fedoraproject/Anaconda/Modules/Storage/DeviceTree/2.
DEBUG:anaconda.modules.storage.partitioning.base:Creating a new storage playground for AUTOMATIC with selected disks ['sda'].
DEBUG:anaconda.storage:Creating a copy of the storage model.
DEBUG:blivet:starting Blivet copy
DEBUG:blivet:                       PartitionDevice._set_parted_partition: mmcblk0p1 ;
DEBUG:blivet:device mmcblk0p1 new parted_partition parted.Partition instance --
  disk: <parted.disk.Disk object at 0x7fec9ec33bd0>  fileSystem: <parted.filesystem.FileSystem object at 0x7fec9ed27f00>
  number: 1  path: /dev/mmcblk0p1  type: 0
  name: None  active: True  busy: False
  geometry: <parted.geometry.Geometry object at 0x7fec9ec5a1b0>  PedPartition: <_ped.Partition object at 0x7fec9ec57dd0>
DEBUG:blivet:                       PartitionDevice._set_parted_partition: sda1 ;
DEBUG:blivet:device sda1 new parted_partition parted.Partition instance --
  disk: <parted.disk.Disk object at 0x7fec9ec3d090>  fileSystem: <parted.filesystem.FileSystem object at 0x7fec9ec71480>
  number: 1  path: /dev/sda1  type: 0
  name:   active: True  busy: False
  geometry: <parted.geometry.Geometry object at 0x7fec9ec5ae10>  PedPartition: <_ped.Partition object at 0x7fec9ec56750>
DEBUG:blivet:                       PartitionDevice._set_parted_partition: sda2 ;
DEBUG:blivet:device sda2 new parted_partition parted.Partition instance --
  disk: <parted.disk.Disk object at 0x7fec9ec3d090>  fileSystem: <parted.filesystem.FileSystem object at 0x7fec9ed40050>
  number: 2  path: /dev/sda2  type: 0
  name:   active: True  busy: False
  geometry: <parted.geometry.Geometry object at 0x7fec9ec5a0f0>  PedPartition: <_ped.Partition object at 0x7fec9ec56e80>
DEBUG:blivet:finished Blivet copy
DEBUG:blivet:                     DeviceTree.get_device_by_id: id_num: 29 ; incomplete: False ; hidden: True ;
DEBUG:blivet:                     DeviceTree.get_device_by_id returned existing 237.42 GiB partition sda2 (29) with existing ext4 filesystem
DEBUG:blivet:                     DeviceTree.get_device_by_id: id_num: 22 ; incomplete: False ; hidden: True ;
DEBUG:blivet:                     DeviceTree.get_device_by_id returned existing 1.05 GiB partition sda1 (22) with existing efi filesystem
DEBUG:blivet:                      DeviceTree.get_device_by_id: id_num: 29 ; incomplete: False ; hidden: True ;
DEBUG:blivet:                      DeviceTree.get_device_by_id returned existing 237.42 GiB partition sda2 (29) with existing ext4 filesystem
DEBUG:blivet:                      DeviceTree.get_device_by_id: id_num: 22 ; incomplete: False ; hidden: True ;
DEBUG:blivet:                      DeviceTree.get_device_by_id returned existing 1.05 GiB partition sda1 (22) with existing efi filesystem
DEBUG:blivet:                      DeviceTree.get_device_by_id: id_num: 29 ; incomplete: False ; hidden: True ;
DEBUG:blivet:                      DeviceTree.get_device_by_id returned existing 237.42 GiB partition sda2 (29) with existing ext4 filesystem
DEBUG:blivet:                      DeviceTree.get_device_by_id: id_num: 22 ; incomplete: False ; hidden: True ;
DEBUG:blivet:                      DeviceTree.get_device_by_id returned existing 1.05 GiB partition sda1 (22) with existing efi filesystem
DEBUG:anaconda.storage:Finished a copy of the storage model.
INFO:blivet:hiding device existing 7.21 GiB partition mmcblk0p1 (52) with existing vfat filesystem
DEBUG:blivet:                             DiskDevice.remove_child: name: mmcblk0 ; child: mmcblk0p1 ; kids: 1 ;
INFO:blivet:removed partition mmcblk0p1 (id 52) from device tree
INFO:blivet:hiding device existing 7.21 GiB disk mmcblk0 (43) with existing msdos disklabel
INFO:blivet:removed disk mmcblk0 (id 43) from device tree
DEBUG:blivet:              DeviceTree.get_device_by_device_id: device_id: sda1 ; incomplete: True ; hidden: True ;
DEBUG:blivet:              DeviceTree.get_device_by_device_id returned existing 1.05 GiB partition sda1 (22) with existing efi filesystem
DEBUG:blivet:              DeviceTree.get_device_by_device_id: device_id: sda2 ; incomplete: True ; hidden: True ;
DEBUG:blivet:              DeviceTree.get_device_by_device_id returned existing 237.42 GiB partition sda2 (29) with existing ext4 filesystem
DEBUG:blivet:              DeviceTree.get_device_by_device_id: device_id: sda1 ; incomplete: True ; hidden: True ;
DEBUG:blivet:              DeviceTree.get_device_by_device_id returned existing 1.05 GiB partition sda1 (22) with existing efi filesystem
DEBUG:blivet:              DeviceTree.get_device_by_device_id: device_id: sda2 ; incomplete: True ; hidden: True ;
DEBUG:blivet:              DeviceTree.get_device_by_device_id returned existing 237.42 GiB partition sda2 (29) with existing ext4 filesystem
DEBUG:blivet:             DeviceTree.get_device_by_device_id: device_id: sda ; incomplete: True ; hidden: True ;
DEBUG:blivet:             DeviceTree.get_device_by_device_id returned existing 238.47 GiB disk sda (13) with existing gpt disklabel
DEBUG:blivet:             DeviceTree.get_device_by_device_id: device_id: sda ; incomplete: True ; hidden: True ;
DEBUG:blivet:             DeviceTree.get_device_by_device_id returned existing 238.47 GiB disk sda (13) with existing gpt disklabel
DEBUG:blivet:             DeviceTree.get_device_by_device_id: device_id: sda ; incomplete: True ; hidden: True ;
DEBUG:blivet:             DeviceTree.get_device_by_device_id returned existing 238.47 GiB disk sda (13) with existing gpt disklabel
DEBUG:blivet:             DeviceTree.get_device_by_device_id: device_id: sda ; incomplete: True ; hidden: True ;
DEBUG:blivet:             DeviceTree.get_device_by_device_id returned existing 238.47 GiB disk sda (13) with existing gpt disklabel
DEBUG:blivet:             DeviceTree.get_device_by_device_id: device_id: sda1 ; incomplete: True ; hidden: True ;
DEBUG:blivet:             DeviceTree.get_device_by_device_id returned existing 1.05 GiB partition sda1 (22) with existing efi filesystem
DEBUG:blivet:             DeviceTree.get_device_by_device_id: device_id: sda1 ; incomplete: True ; hidden: True ;
DEBUG:blivet:             DeviceTree.get_device_by_device_id returned existing 1.05 GiB partition sda1 (22) with existing efi filesystem
DEBUG:blivet:             DeviceTree.get_device_by_device_id: device_id: sda1 ; incomplete: True ; hidden: True ;
DEBUG:blivet:             DeviceTree.get_device_by_device_id returned existing 1.05 GiB partition sda1 (22) with existing efi filesystem
DEBUG:blivet:                  PartitionDevice._compute_resize: sda1 ; status: True ;
DEBUG:blivet:                PartitionDevice._compute_resize: sda1 ; status: True ;
DEBUG:blivet:             DeviceTree.get_device_by_device_id: device_id: sda1 ; incomplete: True ; hidden: True ;
DEBUG:blivet:             DeviceTree.get_device_by_device_id returned existing 1.05 GiB partition sda1 (22) with existing efi filesystem
DEBUG:blivet:                  PartitionDevice._compute_resize: sda1 ; status: True ;
DEBUG:blivet:                PartitionDevice._compute_resize: sda1 ; status: True ;
DEBUG:blivet:                PartitionDevice._compute_resize: sda1 ; status: True ;
DEBUG:blivet:             DeviceTree.get_device_by_device_id: device_id: sda2 ; incomplete: True ; hidden: True ;
DEBUG:blivet:             DeviceTree.get_device_by_device_id returned existing 237.42 GiB partition sda2 (29) with existing ext4 filesystem
DEBUG:blivet:             DeviceTree.get_device_by_device_id: device_id: sda2 ; incomplete: True ; hidden: True ;
DEBUG:blivet:             DeviceTree.get_device_by_device_id returned existing 237.42 GiB partition sda2 (29) with existing ext4 filesystem
DEBUG:blivet:             DeviceTree.get_device_by_device_id: device_id: sda2 ; incomplete: True ; hidden: True ;
DEBUG:blivet:             DeviceTree.get_device_by_device_id returned existing 237.42 GiB partition sda2 (29) with existing ext4 filesystem
DEBUG:blivet:                  PartitionDevice._compute_resize: sda2 ; status: True ;
DEBUG:blivet:                PartitionDevice._compute_resize: sda2 ; status: True ;
DEBUG:blivet:             DeviceTree.get_device_by_device_id: device_id: sda2 ; incomplete: True ; hidden: True ;
DEBUG:blivet:             DeviceTree.get_device_by_device_id returned existing 237.42 GiB partition sda2 (29) with existing ext4 filesystem
DEBUG:blivet:                  PartitionDevice._compute_resize: sda2 ; status: True ;
DEBUG:blivet:                PartitionDevice._compute_resize: sda2 ; status: True ;
DEBUG:blivet:                PartitionDevice._compute_resize: sda2 ; status: True ;
DEBUG:blivet:              DeviceTree.get_device_by_device_id: device_id: sda ; incomplete: True ; hidden: True ;
DEBUG:blivet:              DeviceTree.get_device_by_device_id returned existing 238.47 GiB disk sda (13) with existing gpt disklabel
DEBUG:blivet:             DeviceTree.get_device_by_device_id: device_id: sda ; incomplete: True ; hidden: True ;
DEBUG:blivet:             DeviceTree.get_device_by_device_id returned existing 238.47 GiB disk sda (13) with existing gpt disklabel
DEBUG:blivet:             DeviceTree.get_device_by_device_id: device_id: sda ; incomplete: True ; hidden: True ;
DEBUG:blivet:             DeviceTree.get_device_by_device_id returned existing 238.47 GiB disk sda (13) with existing gpt disklabel
DEBUG:blivet:             DeviceTree.get_device_by_device_id: device_id: sda2 ; incomplete: True ; hidden: True ;
DEBUG:blivet:             DeviceTree.get_device_by_device_id returned existing 237.42 GiB partition sda2 (29) with existing ext4 filesystem
DEBUG:blivet:             DeviceTree.get_device_by_device_id: device_id: sda2 ; incomplete: True ; hidden: True ;
DEBUG:blivet:             DeviceTree.get_device_by_device_id returned existing 237.42 GiB partition sda2 (29) with existing ext4 filesystem
DEBUG:blivet:                  PartitionDevice._compute_resize: sda2 ; status: True ;
DEBUG:blivet:                PartitionDevice._compute_resize: sda2 ; status: True ;
DEBUG:blivet:             DeviceTree.get_device_by_device_id: device_id: sda2 ; incomplete: True ; hidden: True ;
DEBUG:blivet:             DeviceTree.get_device_by_device_id returned existing 237.42 GiB partition sda2 (29) with existing ext4 filesystem
DEBUG:blivet:                  PartitionDevice._compute_resize: sda2 ; status: True ;
DEBUG:blivet:                PartitionDevice._compute_resize: sda2 ; status: True ;
DEBUG:blivet:                PartitionDevice._compute_resize: sda2 ; status: True ;
DEBUG:blivet:             DeviceTree.get_device_by_device_id: device_id: sda2 ; incomplete: True ; hidden: True ;
DEBUG:blivet:             DeviceTree.get_device_by_device_id returned existing 237.42 GiB partition sda2 (29) with existing ext4 filesystem
DEBUG:blivet:             DeviceTree.get_device_by_device_id: device_id: sda ; incomplete: True ; hidden: True ;
DEBUG:blivet:             DeviceTree.get_device_by_device_id returned existing 238.47 GiB disk sda (13) with existing gpt disklabel
DEBUG:blivet:             DeviceTree.get_device_by_device_id: device_id: sda1 ; incomplete: True ; hidden: True ;
DEBUG:blivet:             DeviceTree.get_device_by_device_id returned existing 1.05 GiB partition sda1 (22) with existing efi filesystem
DEBUG:blivet:             DeviceTree.get_device_by_device_id: device_id: sda1 ; incomplete: True ; hidden: True ;
DEBUG:blivet:             DeviceTree.get_device_by_device_id returned existing 1.05 GiB partition sda1 (22) with existing efi filesystem
DEBUG:blivet:             DeviceTree.get_device_by_device_id: device_id: sda2 ; incomplete: True ; hidden: True ;
DEBUG:blivet:             DeviceTree.get_device_by_device_id returned existing 237.42 GiB partition sda2 (29) with existing ext4 filesystem
DEBUG:blivet:             DeviceTree.get_device_by_device_id: device_id: sda2 ; incomplete: True ; hidden: True ;
DEBUG:blivet:             DeviceTree.get_device_by_device_id returned existing 237.42 GiB partition sda2 (29) with existing ext4 filesystem
DEBUG:blivet:             DeviceTree.get_device_by_device_id: device_id: sda2 ; incomplete: True ; hidden: True ;
DEBUG:blivet:             DeviceTree.get_device_by_device_id returned existing 237.42 GiB partition sda2 (29) with existing ext4 filesystem
DEBUG:blivet:             DeviceTree.get_device_by_device_id: device_id: sda2 ; incomplete: True ; hidden: True ;
DEBUG:blivet:             DeviceTree.get_device_by_device_id returned existing 237.42 GiB partition sda2 (29) with existing ext4 filesystem
DEBUG:blivet:                  PartitionDevice._compute_resize: sda2 ; status: True ;
DEBUG:blivet:                PartitionDevice._compute_resize: sda2 ; status: True ;
DEBUG:blivet:             DeviceTree.get_device_by_device_id: device_id: sda2 ; incomplete: True ; hidden: True ;
DEBUG:blivet:             DeviceTree.get_device_by_device_id returned existing 237.42 GiB partition sda2 (29) with existing ext4 filesystem
DEBUG:blivet:                  PartitionDevice._compute_resize: sda2 ; status: True ;
DEBUG:blivet:                PartitionDevice._compute_resize: sda2 ; status: True ;
DEBUG:blivet:                PartitionDevice._compute_resize: sda2 ; status: True ;
DEBUG:blivet:             DeviceTree.get_device_by_device_id: device_id: sda2 ; incomplete: True ; hidden: True ;
DEBUG:blivet:             DeviceTree.get_device_by_device_id returned existing 237.42 GiB partition sda2 (29) with existing ext4 filesystem
DEBUG:blivet:             DeviceTree.get_device_by_device_id: device_id: sda ; incomplete: True ; hidden: True ;
DEBUG:blivet:             DeviceTree.get_device_by_device_id returned existing 238.47 GiB disk sda (13) with existing gpt disklabel
DEBUG:blivet:             DeviceTree.get_device_by_device_id: device_id: sda1 ; incomplete: True ; hidden: True ;
DEBUG:blivet:             DeviceTree.get_device_by_device_id returned existing 1.05 GiB partition sda1 (22) with existing efi filesystem
DEBUG:blivet:             DeviceTree.get_device_by_device_id: device_id: sda1 ; incomplete: True ; hidden: True ;
DEBUG:blivet:             DeviceTree.get_device_by_device_id returned existing 1.05 GiB partition sda1 (22) with existing efi filesystem
DEBUG:blivet:             DeviceTree.get_device_by_device_id: device_id: sda2 ; incomplete: True ; hidden: True ;
DEBUG:blivet:             DeviceTree.get_device_by_device_id returned existing 237.42 GiB partition sda2 (29) with existing ext4 filesystem
DEBUG:blivet:             DeviceTree.get_device_by_device_id: device_id: sda2 ; incomplete: True ; hidden: True ;
DEBUG:blivet:             DeviceTree.get_device_by_device_id returned existing 237.42 GiB partition sda2 (29) with existing ext4 filesystem
DEBUG:blivet:             DeviceTree.get_device_by_device_id: device_id: sda2 ; incomplete: True ; hidden: True ;
DEBUG:blivet:             DeviceTree.get_device_by_device_id returned existing 237.42 GiB partition sda2 (29) with existing ext4 filesystem
DEBUG:blivet:             DeviceTree.get_device_by_device_id: device_id: sda2 ; incomplete: True ; hidden: True ;
DEBUG:blivet:             DeviceTree.get_device_by_device_id returned existing 237.42 GiB partition sda2 (29) with existing ext4 filesystem
DEBUG:blivet:                  PartitionDevice._compute_resize: sda2 ; status: True ;
DEBUG:blivet:                PartitionDevice._compute_resize: sda2 ; status: True ;
DEBUG:blivet:             DeviceTree.get_device_by_device_id: device_id: sda2 ; incomplete: True ; hidden: True ;
DEBUG:blivet:             DeviceTree.get_device_by_device_id returned existing 237.42 GiB partition sda2 (29) with existing ext4 filesystem
DEBUG:blivet:                  PartitionDevice._compute_resize: sda2 ; status: True ;
DEBUG:blivet:                PartitionDevice._compute_resize: sda2 ; status: True ;
DEBUG:blivet:                PartitionDevice._compute_resize: sda2 ; status: True ;
DEBUG:blivet:             DeviceTree.get_device_by_device_id: device_id: sda2 ; incomplete: True ; hidden: True ;
DEBUG:blivet:             DeviceTree.get_device_by_device_id returned existing 237.42 GiB partition sda2 (29) with existing ext4 filesystem
DEBUG:blivet:             DeviceTree.get_device_by_device_id: device_id: sda ; incomplete: True ; hidden: True ;
DEBUG:blivet:             DeviceTree.get_device_by_device_id returned existing 238.47 GiB disk sda (13) with existing gpt disklabel
DEBUG:blivet:             DeviceTree.get_device_by_device_id: device_id: sda1 ; incomplete: True ; hidden: True ;
DEBUG:blivet:             DeviceTree.get_device_by_device_id returned existing 1.05 GiB partition sda1 (22) with existing efi filesystem
DEBUG:blivet:             DeviceTree.get_device_by_device_id: device_id: sda1 ; incomplete: True ; hidden: True ;
DEBUG:blivet:             DeviceTree.get_device_by_device_id returned existing 1.05 GiB partition sda1 (22) with existing efi filesystem
DEBUG:blivet:             DeviceTree.get_device_by_device_id: device_id: sda2 ; incomplete: True ; hidden: True ;
DEBUG:blivet:             DeviceTree.get_device_by_device_id returned existing 237.42 GiB partition sda2 (29) with existing ext4 filesystem
DEBUG:blivet:             DeviceTree.get_device_by_device_id: device_id: sda2 ; incomplete: True ; hidden: True ;
DEBUG:blivet:             DeviceTree.get_device_by_device_id returned existing 237.42 GiB partition sda2 (29) with existing ext4 filesystem
DEBUG:blivet:             DeviceTree.get_device_by_device_id: device_id: sda2 ; incomplete: True ; hidden: True ;
DEBUG:blivet:             DeviceTree.get_device_by_device_id returned existing 237.42 GiB partition sda2 (29) with existing ext4 filesystem
DEBUG:blivet:             DeviceTree.get_device_by_device_id: device_id: sda2 ; incomplete: True ; hidden: True ;
DEBUG:blivet:             DeviceTree.get_device_by_device_id returned existing 237.42 GiB partition sda2 (29) with existing ext4 filesystem
DEBUG:blivet:                  PartitionDevice._compute_resize: sda2 ; status: True ;
DEBUG:blivet:                PartitionDevice._compute_resize: sda2 ; status: True ;
DEBUG:blivet:             DeviceTree.get_device_by_device_id: device_id: sda2 ; incomplete: True ; hidden: True ;
DEBUG:blivet:             DeviceTree.get_device_by_device_id returned existing 237.42 GiB partition sda2 (29) with existing ext4 filesystem
DEBUG:blivet:                  PartitionDevice._compute_resize: sda2 ; status: True ;
DEBUG:blivet:                PartitionDevice._compute_resize: sda2 ; status: True ;
DEBUG:blivet:                PartitionDevice._compute_resize: sda2 ; status: True ;
DEBUG:blivet:             DeviceTree.get_device_by_device_id: device_id: sda2 ; incomplete: True ; hidden: True ;
DEBUG:blivet:             DeviceTree.get_device_by_device_id returned existing 237.42 GiB partition sda2 (29) with existing ext4 filesystem
DEBUG:anaconda.modules.storage.partitioning.automatic.utils:Removing device sda2.
DEBUG:blivet:removing sda2
DEBUG:blivet:                 DeviceTree.get_dependent_devices: dep: existing 237.42 GiB partition sda2 (29) with existing ext4 filesystem ; hidden: False ;
DEBUG:blivet:dep is a leaf
DEBUG:blivet:get_format('None') returning DeviceFormat instance with object id 147
DEBUG:blivet:                       PartitionDevice._set_format: sda2 ; type: None ; current: ext4 ;
INFO:blivet:registered action: [146] destroy format ext4 filesystem on partition sda2 (id 29)
DEBUG:blivet:                           DiskDevice.remove_child: name: sda ; child: sda2 ; kids: 2 ;
INFO:blivet:removed partition sda2 (id 29) from device tree
INFO:blivet:registered action: [148] destroy device partition sda2 (id 29)
DEBUG:anaconda.modules.storage.disk_initialization.initialization:The initialization mode is set to 'InitializationMode.CLEAR_NONE'.
DEBUG:anaconda.modules.storage.disk_initialization.initialization:Can initialize labels is set to 'True'.
DEBUG:blivet:              DeviceTree.get_device_by_device_id: device_id: sda ; incomplete: True ; hidden: True ;
DEBUG:blivet:              DeviceTree.get_device_by_device_id returned existing 238.47 GiB disk sda (13) with existing gpt disklabel
DEBUG:anaconda.modules.storage.disk_selection.selection:Selected disks are set to '['sda']'.
DEBUG:anaconda.modules.storage.disk_initialization.initialization:Drives to clear are set to '['sda']'.
DEBUG:dasbus.connection:Publishing an object at /org/fedoraproject/Anaconda/Modules/Storage/Task/2.
INFO:anaconda.core.threads:Running Thread: AnaTaskThread-AutomaticPartitioningTask-1 (140654250907328)
INFO:anaconda.modules.common.task.task:Configure the partitioning
DEBUG:anaconda.modules.storage.partitioning.automatic.noninteractive_partitioning:Looking at partition: sda1
DEBUG:blivet:checking whether disk sda has an empty extended
DEBUG:blivet:extended is None ; logicals is []
DEBUG:anaconda.modules.storage.partitioning.automatic.noninteractive_partitioning:Looking at disk: sda
DEBUG:anaconda.modules.storage.disk_initialization.configuration:Can sda be initialized?
DEBUG:anaconda.modules.storage.disk_initialization.configuration:The disk cannot be initialized.
DEBUG:anaconda.modules.storage.partitioning.automatic.noninteractive_partitioning:Looking at disk: sdb
DEBUG:anaconda.modules.storage.disk_initialization.configuration:Can sdb be initialized?
DEBUG:anaconda.modules.storage.disk_initialization.configuration:A protected disk cannot be initialized.
DEBUG:blivet:              PartitionDevice.teardown: sda1 ; status: True ; controllable: True ;
DEBUG:blivet:                  EFIFS.teardown: device: /dev/sda1 ; type: efi ; status: False ;
DEBUG:blivet:                  EFIFS.teardown: device: /dev/sda1 ; type: efi ; status: False ;
DEBUG:blivet:                    DiskDevice.teardown: sda ; status: True ; controllable: True ;
DEBUG:blivet:                        DiskLabel.teardown: device: /dev/sda ; type: disklabel ; status: False ;
DEBUG:blivet:                        DiskLabel.teardown: device: /dev/sda ; type: disklabel ; status: False ;
DEBUG:anaconda.modules.storage.partitioning.automatic.automatic_partitioning:storage.roots.mounts []
DEBUG:anaconda.modules.storage.bootloader.execution:Execute the bootloader with dry run True.
DEBUG:anaconda.modules.storage.bootloader.base:new disk list: [DiskDevice instance (0x7fec9ec8c910) --
  name = sda  status = True  id = 13
  children = ['existing 1.05 GiB partition sda1 (22) with existing efi filesystem']
  parents = []
  uuid = None  size = 238.47 GiB
  format = existing gpt disklabel
  major = 8  minor = 0  exists = True  protected = False
  sysfs path = /sys/devices/pci0000:00/0000:00:17.0/ata1/host0/target0:0:0/0:0:0:0/block/sda
  target size = 238.47 GiB  path = /dev/sda
  format args = []  original_format = disklabel  removable = False  wwn = 5001b448b9ade20e]
DEBUG:anaconda.modules.storage.bootloader.execution:Applying bootloader location: DEFAULT
DEBUG:anaconda.modules.storage.bootloader.execution:Applying drive order: []
DEBUG:anaconda.modules.storage.bootloader.base:new disk order: []
DEBUG:anaconda.modules.storage.bootloader.base:Is /images/install.img a valid stage1 target device?
DEBUG:anaconda.modules.storage.bootloader.base:stage1 device cannot be of type file
DEBUG:anaconda.modules.storage.bootloader.base:Is loop0 a valid stage1 target device?
DEBUG:anaconda.modules.storage.bootloader.base:stage1 device cannot be of type loop
DEBUG:anaconda.modules.storage.bootloader.base:Is sda a valid stage1 target device?
DEBUG:anaconda.modules.storage.bootloader.base:stage1 device cannot be of type disk
DEBUG:anaconda.modules.storage.bootloader.base:Is sda1 a valid stage1 target device?
DEBUG:anaconda.modules.storage.bootloader.base:_is_valid_disklabel(sda1) returning True
DEBUG:anaconda.modules.storage.bootloader.base:_is_valid_disklabel(sda1) returning True
DEBUG:anaconda.modules.storage.bootloader.base:_is_valid_size(sda1) returning True
DEBUG:anaconda.modules.storage.bootloader.base:_is_valid_location(sda1) returning True
DEBUG:anaconda.modules.storage.bootloader.base:_is_valid_format(sda1) returning False
DEBUG:anaconda.modules.storage.bootloader.base:is_valid_stage1_device(sda1) returning False
DEBUG:anaconda.modules.storage.bootloader.base:Is sdb a valid stage1 target device?
DEBUG:anaconda.modules.storage.bootloader.base:stage1 device cannot be of type disk
DEBUG:anaconda.modules.storage.bootloader.base:Is sr0 a valid stage1 target device?
DEBUG:anaconda.modules.storage.bootloader.base:stage1 device cannot be of type cdrom
DEBUG:anaconda.modules.storage.bootloader.execution:No usable drive with a valid stage1 was found.
DEBUG:anaconda.modules.storage.bootloader.execution:Use the first usable drive.
DEBUG:anaconda.modules.storage.bootloader.execution:Using a boot drive: sda
DEBUG:blivet:                DeviceTree.get_device_by_name: name: sda ; incomplete: False ; hidden: False ;
DEBUG:blivet:                DeviceTree.get_device_by_name returned existing 238.47 GiB disk sda (13) with existing gpt disklabel
DEBUG:blivet:resolved 'sda' to 'sda' (disk)
DEBUG:anaconda.modules.storage.partitioning.automatic.automatic_partitioning:Executing the automatic partitioning.
DEBUG:anaconda.modules.storage.partitioning.automatic.automatic_partitioning:scheme: 1
DEBUG:anaconda.modules.storage.partitioning.automatic.automatic_partitioning:requests:
PartSpec instance (0x7fec9f5ef620) -- 
  mountpoint = /boot/efi  lv = False  thin = False  btrfs = False
  weight = 0  fstype = efi  encrypted = False
  size = 500 MiB  max_size = 600 MiB  grow = True
  required_space = 0
  schemes = set()PartSpec instance (0x7fec9ecc65d0) -- 
  mountpoint = /boot  lv = False  thin = False  btrfs = False
  weight = 0  fstype = ext4  encrypted = False
  size = 2 GiB  max_size = None  grow = False
  required_space = 0
  schemes = set()PartSpec instance (0x7fec9ecc6490) -- 
  mountpoint = /  lv = True  thin = True  btrfs = True
  weight = 0  fstype = ext4  encrypted = True
  size = 1024 MiB  max_size = 70 GiB  grow = True
  required_space = 0
  schemes = set()PartSpec instance (0x7fec9ebba3f0) -- 
  mountpoint = /home  lv = True  thin = True  btrfs = True
  weight = 0  fstype = ext4  encrypted = True
  size = 500 MiB  max_size = None  grow = True
  required_space = 50 GiB
  schemes = set()
DEBUG:anaconda.modules.storage.partitioning.automatic.automatic_partitioning:encrypted: False
DEBUG:anaconda.modules.storage.partitioning.automatic.automatic_partitioning:storage.disks: ['sda', 'sdb']
DEBUG:anaconda.modules.storage.partitioning.automatic.automatic_partitioning:storage.partitioned: ['sda']
DEBUG:anaconda.modules.storage.partitioning.automatic.automatic_partitioning:all names: ['/images/install.img', 'loop0', 'sda', 'sda1', 'sdb', 'sr0']
DEBUG:anaconda.modules.storage.partitioning.automatic.automatic_partitioning:boot disk: sda
DEBUG:anaconda.modules.storage.partitioning.automatic.automatic_partitioning:candidate disks: ['sda']
DEBUG:anaconda.modules.storage.partitioning.automatic.utils:Found disks for implicit partitions: ['sda']
DEBUG:blivet:                    BTRFS.supported: supported: True ;
DEBUG:blivet:get_format('btrfs') returning BTRFS instance with object id 149
DEBUG:blivet:get_format('None') returning DeviceFormat instance with object id 151
DEBUG:blivet:                          DiskDevice.add_child: name: sda ; child: req0 ; kids: 1 ;
DEBUG:blivet:                     PartitionDevice._set_format: req0 ; type: btrfs ; current: None ;
DEBUG:blivet:                        DiskDevice.remove_child: name: sda ; child: req0 ; kids: 2 ;
INFO:blivet:added partition req0 (id 150) to device tree
INFO:blivet:registered action: [153] create device partition req0 (id 150)
DEBUG:blivet:get_format('None') returning DeviceFormat instance with object id 155
DEBUG:blivet:                     PartitionDevice._set_format: req0 ; type: btrfs ; current: btrfs ;
INFO:blivet:registered action: [154] create format btrfs filesystem on partition req0 (id 150)
DEBUG:anaconda.modules.storage.partitioning.automatic.utils:Created the implicit partition req0 for sda.
DEBUG:anaconda.modules.storage.bootloader.base:Is sda a valid stage1 target device?
DEBUG:anaconda.modules.storage.bootloader.base:stage1 device cannot be of type disk
DEBUG:anaconda.modules.storage.bootloader.base:Is sda1 a valid stage1 target device?
DEBUG:anaconda.modules.storage.bootloader.base:_is_valid_disklabel(sda1) returning True
DEBUG:anaconda.modules.storage.bootloader.base:_is_valid_disklabel(sda1) returning True
DEBUG:anaconda.modules.storage.bootloader.base:_is_valid_size(sda1) returning True
DEBUG:anaconda.modules.storage.bootloader.base:_is_valid_location(sda1) returning True
DEBUG:anaconda.modules.storage.bootloader.base:_is_valid_format(sda1) returning True
DEBUG:anaconda.modules.storage.bootloader.base:is_valid_stage1_device(sda1) returning True
INFO:anaconda.modules.storage.partitioning.automatic.utils:skipping unneeded stage1 efi request
DEBUG:anaconda.modules.storage.partitioning.automatic.utils:PartSpec instance (0x7fec9f5ef620) -- 
  mountpoint = /boot/efi  lv = False  thin = False  btrfs = False
  weight = 0  fstype = efi  encrypted = False
  size = 500 MiB  max_size = 600 MiB  grow = True
  required_space = 0
  schemes = set()
DEBUG:anaconda.modules.storage.partitioning.automatic.utils:existing 1.05 GiB partition sda1 (22) with existing efi filesystem mounted at /boot/efi
DEBUG:blivet:                  Ext4FS.supported: supported: True ;
DEBUG:blivet:get_format('ext4') returning Ext4FS instance with object id 156
DEBUG:blivet:get_format('None') returning DeviceFormat instance with object id 158
DEBUG:blivet:                          DiskDevice.add_child: name: sda ; child: req1 ; kids: 1 ;
DEBUG:blivet:                     PartitionDevice._set_format: req1 ; type: ext4 ; current: None ;
DEBUG:blivet:                        DiskDevice.remove_child: name: sda ; child: req1 ; kids: 2 ;
INFO:blivet:added partition req1 (id 157) to device tree
INFO:blivet:registered action: [160] create device partition req1 (id 157)
DEBUG:blivet:get_format('None') returning DeviceFormat instance with object id 162
DEBUG:blivet:                     PartitionDevice._set_format: req1 ; type: ext4 ; current: ext4 ;
INFO:blivet:registered action: [161] create format ext4 filesystem mounted at /boot on partition req1 (id 157)
DEBUG:blivet:             DiskDevice.setup: sda ; orig: False ; status: True ; controllable: True ;
DEBUG:blivet:removing all non-preexisting partitions ['req0(id 150)', 'req1(id 157)', 'sda1(id 22)'] from disk(s) ['sda']
DEBUG:blivet:allocate_partitions: disks=['sda'] ; partitions=['req0(id 150)', 'req1(id 157)', 'sda1(id 22)']
DEBUG:blivet:removing all non-preexisting partitions ['req1(id 157)', 'req0(id 150)'] from disk(s) ['sda']
DEBUG:blivet:allocating partition: req1 ; id: 157 ; disks: ['sda'] ;
boot: True ; primary: False ; size: 2 GiB ; grow: False ; max_size: 0 B ; start: None ; end: None
DEBUG:blivet:checking freespace on sda
DEBUG:blivet:get_best_free_space_region: disk=/dev/sda part_type=0 req_size=2 GiB boot=True best=None grow=False start=None
DEBUG:blivet:checking 34-2047 (1007 KiB)
DEBUG:blivet:current free range is 34-2047 (1007 KiB)
DEBUG:blivet:checking 2203648-500118158 (237.42 GiB)
DEBUG:blivet:current free range is 2203648-500118158 (237.42 GiB)
DEBUG:blivet:updating use_disk to sda, type: 0
DEBUG:blivet:new free: 2203648-500118158 / 237.42 GiB
DEBUG:blivet:new free allows for 0 sectors of growth
DEBUG:blivet:found free space for bootable request
DEBUG:blivet:using alignment: parted.Alignment instance --
  offset: 0  grainSize: 2048
  PedAlignment: <_ped.Alignment object at 0x7fec9f65c6d0>
DEBUG:blivet:created partition sda2 of 2 GiB and added it to /dev/sda
DEBUG:blivet:                PartitionDevice._set_parted_partition: req1 ;
DEBUG:blivet:device req1 new parted_partition parted.Partition instance --
  disk: <parted.disk.Disk object at 0x7fec9ec3d090>  fileSystem: None
  number: 2  path: /dev/sda2  type: 0
  name:   active: True  busy: False
  geometry: <parted.geometry.Geometry object at 0x7fec9eab36b0>  PedPartition: <_ped.Partition object at 0x7fec9eae6070>
DEBUG:blivet:                PartitionDevice._set_disk: sda2 ; old: None ; new: sda ;
DEBUG:blivet:                     DiskDevice.add_child: name: sda ; child: sda2 ; kids: 1 ;
DEBUG:blivet:                PartitionDevice._set_parted_partition: sda2 ;
DEBUG:blivet:device sda2 new parted_partition parted.Partition instance --
  disk: <parted.disk.Disk object at 0x7fec9ec3d090>  fileSystem: None
  number: 2  path: /dev/sda2  type: 0
  name:   active: True  busy: False
  geometry: <parted.geometry.Geometry object at 0x7fec9eab25d0>  PedPartition: <_ped.Partition object at 0x7fec9eae61b0>
DEBUG:blivet:allocating partition: req0 ; id: 150 ; disks: ['sda'] ;
boot: False ; primary: False ; size: 500 MiB ; grow: True ; max_size: 0 B ; start: None ; end: None
DEBUG:blivet:checking freespace on sda
DEBUG:blivet:get_best_free_space_region: disk=/dev/sda part_type=0 req_size=500 MiB boot=False best=None grow=True start=None
DEBUG:blivet:checking 34-2047 (1007 KiB)
DEBUG:blivet:current free range is 34-2047 (1007 KiB)
DEBUG:blivet:checking 6397952-500118158 (235.42 GiB)
DEBUG:blivet:current free range is 6397952-500118158 (235.42 GiB)
DEBUG:blivet:evaluating growth potential for new layout
DEBUG:blivet:calculating growth for disk /dev/sda
DEBUG:blivet:using alignment: parted.Alignment instance --
  offset: 0  grainSize: 2048
  PedAlignment: <_ped.Alignment object at 0x7fec9f65c6d0>
DEBUG:blivet:                PartitionDevice._set_parted_partition: req0 ;
DEBUG:blivet:device req0 new parted_partition parted.Partition instance --
  disk: <parted.disk.Disk object at 0x7fec9ec3d090>  fileSystem: None
  number: 3  path: /dev/sda3  type: 0
  name:   active: True  busy: False
  geometry: <parted.geometry.Geometry object at 0x7fec9eab2db0>  PedPartition: <_ped.Partition object at 0x7fec9eae6250>
DEBUG:blivet:                PartitionDevice._set_disk: sda3 ; old: None ; new: sda ;
DEBUG:blivet:                     DiskDevice.add_child: name: sda ; child: sda3 ; kids: 2 ;
DEBUG:blivet:adding request 157 to chunk 497913856 (2203648-500117503) on /dev/sda
DEBUG:blivet:adding request 150 to chunk 497913856 (2203648-500117503) on /dev/sda
DEBUG:blivet:Chunk.grow_requests: 497913856 (2203648-500117503) on /dev/sda start = 2203648  end = 500117503
sector_size = 512 B

DEBUG:blivet:req: PartitionRequest instance --
id = 157  name = sda2  growable = False
base = 4194304  growth = 0  max_grow = 0
done = True
DEBUG:blivet:req: PartitionRequest instance --
id = 150  name = sda3  growable = True
base = 1024000  growth = 0  max_grow = 36028797017939968
done = False
DEBUG:blivet:1 requests and 492695552 (234.94 GiB) left in chunk
DEBUG:blivet:adding 492695552 (234.94 GiB) to 150 (sda3)
DEBUG:blivet:new grow amount for request 150 (sda3) is 492695552 units, or 234.94 GiB
DEBUG:blivet:request 157 (sda2) growth: 0 (0 B) size: 2 GiB
DEBUG:blivet:request 150 (sda3) growth: 492695552 (234.94 GiB) size: 235.42 GiB
DEBUG:blivet:disk /dev/sda growth: 492695552 (234.94 GiB)
DEBUG:blivet:                PartitionDevice._set_parted_partition: sda3 ;
DEBUG:blivet:device sda3 new parted_partition None
DEBUG:blivet:                PartitionDevice._set_disk: req0 ; old: sda ; new: None ;
DEBUG:blivet:                         DiskDevice.remove_child: name: sda ; child: req0 ; kids: 3 ;
DEBUG:blivet:total growth: 492695552 sectors
DEBUG:blivet:updating use_disk to sda, type: 0
DEBUG:blivet:new free: 6397952-500118158 / 235.42 GiB
DEBUG:blivet:new free allows for 492695552 sectors of growth
DEBUG:blivet:using alignment: parted.Alignment instance --
  offset: 0  grainSize: 2048
  PedAlignment: <_ped.Alignment object at 0x7fec9f65c6d0>
DEBUG:blivet:created partition sda3 of 500 MiB and added it to /dev/sda
DEBUG:blivet:                PartitionDevice._set_parted_partition: req0 ;
DEBUG:blivet:device req0 new parted_partition parted.Partition instance --
  disk: <parted.disk.Disk object at 0x7fec9ec3d090>  fileSystem: None
  number: 3  path: /dev/sda3  type: 0
  name:   active: True  busy: False
  geometry: <parted.geometry.Geometry object at 0x7fec9ec62bd0>  PedPartition: <_ped.Partition object at 0x7fec9eae5ad0>
DEBUG:blivet:                PartitionDevice._set_disk: sda3 ; old: None ; new: sda ;
DEBUG:blivet:                     DiskDevice.add_child: name: sda ; child: sda3 ; kids: 2 ;
DEBUG:blivet:                PartitionDevice._set_parted_partition: sda3 ;
DEBUG:blivet:device sda3 new parted_partition parted.Partition instance --
  disk: <parted.disk.Disk object at 0x7fec9ec3d090>  fileSystem: None
  number: 3  path: /dev/sda3  type: 0
  name:   active: True  busy: False
  geometry: <parted.geometry.Geometry object at 0x7fec9ec609b0>  PedPartition: <_ped.Partition object at 0x7fec9eaf4c70>
DEBUG:blivet:grow_partitions: disks=['sda'], partitions=['sda3(id 150)', 'sda2(id 157)', 'sda1(id 22)']
DEBUG:blivet:growable partitions are ['sda3']
DEBUG:blivet:adding request 150 to chunk 497913856 (2203648-500117503) on /dev/sda
DEBUG:blivet:adding request 157 to chunk 497913856 (2203648-500117503) on /dev/sda
DEBUG:blivet:disk sda has 1 chunks
DEBUG:blivet:Chunk.grow_requests: 497913856 (2203648-500117503) on /dev/sda start = 2203648  end = 500117503
sector_size = 512 B

DEBUG:blivet:req: PartitionRequest instance --
id = 157  name = sda2  growable = False
base = 4194304  growth = 0  max_grow = 0
done = True
DEBUG:blivet:req: PartitionRequest instance --
id = 150  name = sda3  growable = True
base = 1024000  growth = 0  max_grow = 36028797017939968
done = False
DEBUG:blivet:1 requests and 492695552 (234.94 GiB) left in chunk
DEBUG:blivet:adding 492695552 (234.94 GiB) to 150 (sda3)
DEBUG:blivet:new grow amount for request 150 (sda3) is 492695552 units, or 234.94 GiB
DEBUG:blivet:growing partitions on sda
DEBUG:blivet:partition sda2 (157): 0
DEBUG:blivet:new geometry for sda2: parted.Geometry instance --
  start: 2203648  end: 6397951  length: 4194304
  device: <parted.device.Device object at 0x7fec9ec58710>  PedGeometry: <_ped.Geometry object at 0x7feca9daa470>
DEBUG:blivet:partition sda3 (150): 0
DEBUG:blivet:new geometry for sda3: parted.Geometry instance --
  start: 6397952  end: 500117503  length: 493719552
  device: <parted.device.Device object at 0x7fec9ec58710>  PedGeometry: <_ped.Geometry object at 0x7fec9ecda230>
DEBUG:blivet:removing all non-preexisting partitions ['sda2(id 157)', 'sda3(id 150)'] from disk(s) ['sda']
DEBUG:blivet:                 PartitionDevice._set_parted_partition: sda2 ;
DEBUG:blivet:device sda2 new parted_partition None
DEBUG:blivet:                 PartitionDevice._set_disk: req1 ; old: sda ; new: None ;
DEBUG:blivet:                          DiskDevice.remove_child: name: sda ; child: req1 ; kids: 3 ;
DEBUG:blivet:                 PartitionDevice._set_parted_partition: sda3 ;
DEBUG:blivet:device sda3 new parted_partition None
DEBUG:blivet:                 PartitionDevice._set_disk: req0 ; old: sda ; new: None ;
DEBUG:blivet:                          DiskDevice.remove_child: name: sda ; child: req0 ; kids: 2 ;
DEBUG:blivet:back from remove_new_partitions
DEBUG:blivet:extended: None
DEBUG:blivet:setting req1 new geometry: parted.Geometry instance --
  start: 2203648  end: 6397951  length: 4194304
  device: <parted.device.Device object at 0x7fec9ec58710>  PedGeometry: <_ped.Geometry object at 0x7feca9daa470>
DEBUG:blivet:                PartitionDevice._set_parted_partition: req1 ;
DEBUG:blivet:device req1 new parted_partition parted.Partition instance --
  disk: <parted.disk.Disk object at 0x7fec9ec3d090>  fileSystem: None
  number: 2  path: /dev/sda2  type: 0
  name:   active: True  busy: False
  geometry: <parted.geometry.Geometry object at 0x7fec9ebe2ed0>  PedPartition: <_ped.Partition object at 0x7fec9eaf4e00>
DEBUG:blivet:                PartitionDevice._set_disk: sda2 ; old: None ; new: sda ;
DEBUG:blivet:                     DiskDevice.add_child: name: sda ; child: sda2 ; kids: 1 ;
DEBUG:blivet:                PartitionDevice._set_parted_partition: sda2 ;
DEBUG:blivet:device sda2 new parted_partition parted.Partition instance --
  disk: <parted.disk.Disk object at 0x7fec9ec3d090>  fileSystem: None
  number: 2  path: /dev/sda2  type: 0
  name:   active: True  busy: False
  geometry: <parted.geometry.Geometry object at 0x7fec9ec60d10>  PedPartition: <_ped.Partition object at 0x7fec9eaf5da0>
DEBUG:blivet:setting req0 new geometry: parted.Geometry instance --
  start: 6397952  end: 500117503  length: 493719552
  device: <parted.device.Device object at 0x7fec9ec58710>  PedGeometry: <_ped.Geometry object at 0x7fec9ecda230>
DEBUG:blivet:                PartitionDevice._set_parted_partition: req0 ;
DEBUG:blivet:device req0 new parted_partition parted.Partition instance --
  disk: <parted.disk.Disk object at 0x7fec9ec3d090>  fileSystem: None
  number: 3  path: /dev/sda3  type: 0
  name:   active: True  busy: False
  geometry: <parted.geometry.Geometry object at 0x7fec9ebe2f30>  PedPartition: <_ped.Partition object at 0x7fec9eaf4d10>
DEBUG:blivet:                PartitionDevice._set_disk: sda3 ; old: None ; new: sda ;
DEBUG:blivet:                     DiskDevice.add_child: name: sda ; child: sda3 ; kids: 2 ;
DEBUG:blivet:                PartitionDevice._set_parted_partition: sda3 ;
DEBUG:blivet:device sda3 new parted_partition parted.Partition instance --
  disk: <parted.disk.Disk object at 0x7fec9ec3d090>  fileSystem: None
  number: 3  path: /dev/sda3  type: 0
  name:   active: True  busy: False
  geometry: <parted.geometry.Geometry object at 0x7fec9ec3ab10>  PedPartition: <_ped.Partition object at 0x7fec9eaf5df0>
DEBUG:blivet:fixing size of existing 1.05 GiB partition sda1 (22) with existing efi filesystem mounted at /boot/efi
DEBUG:blivet:fixing size of non-existent 2 GiB partition sda2 (157) with non-existent ext4 filesystem mounted at /boot
DEBUG:blivet:fixing size of non-existent 235.42 GiB partition sda3 (150) with non-existent btrfs filesystem
DEBUG:blivet:new_btrfs: args = () ; kwargs = {'parents': [PartitionDevice instance (0x7fec9ec28ec0) --
  name = sda3  status = False  id = 150
  children = []
  parents = ['existing 238.47 GiB disk sda (13) with existing gpt disklabel']
  uuid = None  size = 235.42 GiB
  format = non-existent btrfs filesystem
  major = 0  minor = 0  exists = False  protected = False
  sysfs path = 
  target size = 500 MiB  path = /dev/sda3
  format args = []  original_format = btrfs  grow = False  max size = 0 B  bootable = False
  part type = 0  primary = False  start sector = None  end sector = None
  parted_partition = parted.Partition instance --
  disk: <parted.disk.Disk object at 0x7fec9ec3d090>  fileSystem: None
  number: 3  path: /dev/sda3  type: 0
  name:   active: True  busy: False
  geometry: <parted.geometry.Geometry object at 0x7fec9ec3ab10>  PedPartition: <_ped.Partition object at 0x7fec9eaf5df0>
  disk = existing 238.47 GiB disk sda (13) with existing gpt disklabel
  start = 6397952  end = 500117503  length = 493719552
  flags =  type_uuid = 0fc63daf-8483-4772-8e79-3d69d8477de4]}
DEBUG:blivet:get_format('None') returning DeviceFormat instance with object id 164
DEBUG:blivet:                            BTRFSVolumeDevice._add_parent: fl_fedora ; parent: sda3 ;
DEBUG:blivet:                                PartitionDevice.add_child: name: sda3 ; child: fl_fedora ; kids: 0 ;
DEBUG:blivet:get_format('None') returning DeviceFormat instance with object id 165
DEBUG:blivet:                           BTRFSVolumeDevice._set_format: fl_fedora ; type: None ; current: None ;
DEBUG:blivet:                      BTRFS.supported: supported: True ;
DEBUG:blivet:get_format('btrfs') returning BTRFS instance with object id 167
DEBUG:blivet:                     BTRFSVolumeDevice._set_format: btrfs.163 ; type: btrfs ; current: None ;
DEBUG:blivet:                    BTRFS.supported: supported: True ;
DEBUG:blivet:get_format('btrfs') returning BTRFS instance with object id 169
DEBUG:blivet:                   BTRFSVolumeDevice._set_format: btrfs.163 ; type: btrfs ; current: btrfs ;
INFO:program:Running [11] btrfs --version ...
INFO:program:stdout[11]: btrfs-progs v7.1
-EXPERIMENTAL -INJECT -STATIC +LZO +ZSTD +UDEV +FSVERITY +ZONED CRYPTO=libgcrypt

INFO:program:stderr[11]: 
INFO:program:...done [11] (exit code: 0)
INFO:program:[libmkod] custom logging function 0x7feca7856930 registered

INFO:program:[libmkod] context 0x7fec9405b430 released

INFO:blivet:added btrfs volume fl_fedora (id 163) to device tree
INFO:blivet:registered action: [170] create device btrfs volume fl_fedora (id 163)
DEBUG:blivet:get_format('None') returning DeviceFormat instance with object id 172
DEBUG:blivet:                       BTRFSVolumeDevice._set_format: fl_fedora ; type: btrfs ; current: btrfs ;
INFO:blivet:registered action: [171] create format btrfs filesystem on btrfs volume fl_fedora (id 163)
DEBUG:blivet:new_btrfs: args = () ; kwargs = {'mountpoint': '/', 'fmt_type': 'ext4', 'parents': [BTRFSVolumeDevice instance (0x7fec9f5efe00) --
  name = fl_fedora  status = False  id = 163
  children = []
  parents = ['non-existent 235.42 GiB partition sda3 (150) with non-existent btrfs '
 'filesystem']
  uuid = 9fc3e463-e99f-412f-a74e-50a96def325d  size = 235.42 GiB
  format = non-existent btrfs filesystem
  major = 0  minor = 0  exists = False  protected = False
  sysfs path = 
  target size = 0 B  path = /dev/sda3
  format args = []  original_format = btrfs], 'size': Size (1024 MiB), 'subvol': True}
DEBUG:blivet:get_format('None') returning DeviceFormat instance with object id 174
DEBUG:blivet:                            BTRFSVolumeDevice.add_child: name: fl_fedora ; child: root ; kids: 0 ;
DEBUG:blivet:get_format('None') returning DeviceFormat instance with object id 175
DEBUG:blivet:                         BTRFSSubVolumeDevice._set_format: root ; type: None ; current: None ;
DEBUG:blivet:                    BTRFS.supported: supported: True ;
DEBUG:blivet:get_format('btrfs') returning BTRFS instance with object id 177
DEBUG:blivet:                   BTRFSSubVolumeDevice._set_format: root ; type: btrfs ; current: None ;
INFO:blivet:added btrfs subvolume root (id 173) to device tree
INFO:blivet:registered action: [178] create device btrfs subvolume root (id 173)
DEBUG:blivet:get_format('None') returning DeviceFormat instance with object id 180
DEBUG:blivet:                       BTRFSSubVolumeDevice._set_format: root ; type: btrfs ; current: btrfs ;
INFO:blivet:registered action: [179] create format btrfs filesystem mounted at / on btrfs subvolume root (id 173)
DEBUG:blivet:new_btrfs: args = () ; kwargs = {'mountpoint': '/home', 'fmt_type': 'ext4', 'parents': [BTRFSVolumeDevice instance (0x7fec9f5efe00) --
  name = fl_fedora  status = False  id = 163
  children = ['non-existent 235.42 GiB btrfs subvolume root (173) with non-existent btrfs '
 'filesystem mounted at /']
  parents = ['non-existent 235.42 GiB partition sda3 (150) with non-existent btrfs '
 'filesystem']
  uuid = 9fc3e463-e99f-412f-a74e-50a96def325d  size = 235.42 GiB
  format = non-existent btrfs filesystem
  major = 0  minor = 0  exists = False  protected = False
  sysfs path = 
  target size = 0 B  path = /dev/sda3
  format args = []  original_format = btrfs], 'size': Size (500 MiB), 'subvol': True}
DEBUG:blivet:get_format('None') returning DeviceFormat instance with object id 182
DEBUG:blivet:                            BTRFSVolumeDevice.add_child: name: fl_fedora ; child: home ; kids: 1 ;
DEBUG:blivet:get_format('None') returning DeviceFormat instance with object id 183
DEBUG:blivet:                         BTRFSSubVolumeDevice._set_format: home ; type: None ; current: None ;
DEBUG:blivet:                    BTRFS.supported: supported: True ;
DEBUG:blivet:get_format('btrfs') returning BTRFS instance with object id 185
DEBUG:blivet:                   BTRFSSubVolumeDevice._set_format: home ; type: btrfs ; current: None ;
INFO:blivet:added btrfs subvolume home (id 181) to device tree
INFO:blivet:registered action: [186] create device btrfs subvolume home (id 181)
DEBUG:blivet:get_format('None') returning DeviceFormat instance with object id 188
DEBUG:blivet:                       BTRFSSubVolumeDevice._set_format: home ; type: btrfs ; current: btrfs ;
INFO:blivet:registered action: [187] create format btrfs filesystem mounted at /home on btrfs subvolume home (id 181)
DEBUG:anaconda.modules.storage.bootloader.execution:Execute the bootloader with dry run False.
DEBUG:anaconda.modules.storage.bootloader.base:new disk list: [DiskDevice instance (0x7fec9ec8c910) --
  name = sda  status = True  id = 13
  children = ['existing 1.05 GiB partition sda1 (22) with existing efi filesystem mounted '
 'at /boot/efi',
 'non-existent 2 GiB partition sda2 (157) with non-existent ext4 filesystem '
 'mounted at /boot',
 'non-existent 235.42 GiB partition sda3 (150) with non-existent btrfs '
 'filesystem']
  parents = []
  uuid = None  size = 238.47 GiB
  format = existing gpt disklabel
  major = 8  minor = 0  exists = True  protected = False
  sysfs path = /sys/devices/pci0000:00/0000:00:17.0/ata1/host0/target0:0:0/0:0:0:0/block/sda
  target size = 238.47 GiB  path = /dev/sda
  format args = []  original_format = disklabel  removable = False  wwn = 5001b448b9ade20e]
DEBUG:anaconda.modules.storage.bootloader.execution:Applying bootloader location: DEFAULT
DEBUG:anaconda.modules.storage.bootloader.execution:Applying drive order: []
DEBUG:anaconda.modules.storage.bootloader.base:new disk order: []
DEBUG:anaconda.modules.storage.bootloader.base:Is /images/install.img a valid stage1 target device?
DEBUG:anaconda.modules.storage.bootloader.base:stage1 device cannot be of type file
DEBUG:anaconda.modules.storage.bootloader.base:Is fl_fedora a valid stage1 target device?
DEBUG:anaconda.modules.storage.bootloader.base:stage1 device cannot be of type btrfs volume
DEBUG:anaconda.modules.storage.bootloader.base:Is home a valid stage1 target device?
DEBUG:anaconda.modules.storage.bootloader.base:stage1 device cannot be of type btrfs subvolume
DEBUG:anaconda.modules.storage.bootloader.base:Is loop0 a valid stage1 target device?
DEBUG:anaconda.modules.storage.bootloader.base:stage1 device cannot be of type loop
DEBUG:anaconda.modules.storage.bootloader.base:Is root a valid stage1 target device?
DEBUG:anaconda.modules.storage.bootloader.base:stage1 device cannot be of type btrfs subvolume
DEBUG:anaconda.modules.storage.bootloader.base:Is sda a valid stage1 target device?
DEBUG:anaconda.modules.storage.bootloader.base:stage1 device cannot be of type disk
DEBUG:anaconda.modules.storage.bootloader.base:Is sda1 a valid stage1 target device?
DEBUG:anaconda.modules.storage.bootloader.base:_is_valid_disklabel(sda1) returning True
DEBUG:anaconda.modules.storage.bootloader.base:_is_valid_disklabel(sda1) returning True
DEBUG:anaconda.modules.storage.bootloader.base:_is_valid_size(sda1) returning True
DEBUG:anaconda.modules.storage.bootloader.base:_is_valid_location(sda1) returning True
DEBUG:anaconda.modules.storage.bootloader.base:_is_valid_format(sda1) returning True
DEBUG:anaconda.modules.storage.bootloader.base:is_valid_stage1_device(sda1) returning True
DEBUG:anaconda.modules.storage.bootloader.execution:Found a drive with a valid stage1: sda
DEBUG:anaconda.modules.storage.bootloader.execution:Use a usable drive with a valid stage1 device.
DEBUG:anaconda.modules.storage.bootloader.execution:Using a boot drive: sda
DEBUG:blivet:                DeviceTree.get_device_by_name: name: sda ; incomplete: False ; hidden: False ;
DEBUG:blivet:                DeviceTree.get_device_by_name returned existing 238.47 GiB disk sda (13) with existing gpt disklabel
DEBUG:blivet:resolved 'sda' to 'sda' (disk)
DEBUG:anaconda.modules.storage.bootloader.bootloader:Drive is set to 'sda'.
DEBUG:anaconda.modules.storage.bootloader.base:Is fl_fedora a valid stage1 target device?
DEBUG:anaconda.modules.storage.bootloader.base:stage1 device cannot be of type btrfs volume
DEBUG:anaconda.modules.storage.bootloader.base:Is home a valid stage1 target device?
DEBUG:anaconda.modules.storage.bootloader.base:stage1 device cannot be of type btrfs subvolume
DEBUG:anaconda.modules.storage.bootloader.base:Is root a valid stage1 target device?
DEBUG:anaconda.modules.storage.bootloader.base:stage1 device cannot be of type btrfs subvolume
DEBUG:anaconda.modules.storage.bootloader.base:Is sda a valid stage1 target device?
DEBUG:anaconda.modules.storage.bootloader.base:stage1 device cannot be of type disk
DEBUG:anaconda.modules.storage.bootloader.base:Is sda1 a valid stage1 target device?
DEBUG:anaconda.modules.storage.bootloader.base:_is_valid_disklabel(sda1) returning True
DEBUG:anaconda.modules.storage.bootloader.base:_is_valid_disklabel(sda1) returning True
DEBUG:anaconda.modules.storage.bootloader.base:_is_valid_size(sda1) returning True
DEBUG:anaconda.modules.storage.bootloader.base:_is_valid_location(sda1) returning True
DEBUG:anaconda.modules.storage.bootloader.base:_is_valid_format(sda1) returning True
DEBUG:anaconda.modules.storage.bootloader.base:is_valid_stage1_device(sda1) returning True
INFO:anaconda.core.threads:Thread Done: AnaTaskThread-AutomaticPartitioningTask-1 (140654250907328)
DEBUG:dasbus.connection:Publishing an object at /org/fedoraproject/Anaconda/Modules/Storage/Task/3.
INFO:anaconda.core.threads:Running Thread: AnaTaskThread-StorageValidateTask-1 (140654242514624)
INFO:anaconda.modules.common.task.task:Validate a storage model
DEBUG:anaconda.modules.storage.bootloader.base:Is sda1 a valid stage1 target device?
DEBUG:anaconda.modules.storage.bootloader.base:_is_valid_disklabel(sda1) returning True
DEBUG:anaconda.modules.storage.bootloader.base:_is_valid_disklabel(sda1) returning True
DEBUG:anaconda.modules.storage.bootloader.base:_is_valid_size(sda1) returning True
DEBUG:anaconda.modules.storage.bootloader.base:_is_valid_location(sda1) returning True
DEBUG:anaconda.modules.storage.bootloader.base:_is_valid_format(sda1) returning True
DEBUG:anaconda.modules.storage.bootloader.base:is_valid_stage1_device(sda1) returning True
DEBUG:anaconda.modules.storage.bootloader.base:Is sda2 a valid stage2 target device?
DEBUG:anaconda.modules.storage.bootloader.base:_is_valid_disklabel(sda2) returning True
DEBUG:anaconda.modules.storage.bootloader.base:_is_valid_size(sda2) returning True
DEBUG:anaconda.modules.storage.bootloader.base:_is_valid_partition(sda2) returning True
DEBUG:anaconda.modules.storage.bootloader.base:_is_valid_format(sda2) returning True
DEBUG:anaconda.modules.storage.bootloader.base:is_valid_stage2_device(sda2) returning True
DEBUG:anaconda.modules.storage.checker.utils:Available memory: 6.45 GiB
DEBUG:blivet:            DeviceTree.get_device_by_path: path: /dev/sda1 ; incomplete: False ; hidden: False ;
DEBUG:blivet:            DeviceTree.get_device_by_path returned existing 1.05 GiB partition sda1 (22) with existing efi filesystem mounted at /boot/efi
DEBUG:blivet:            DeviceTree.get_device_by_path: path: /dev/sda2 ; incomplete: False ; hidden: False ;
DEBUG:blivet:            DeviceTree.get_device_by_path returned non-existent 2 GiB partition sda2 (157) with non-existent ext4 filesystem mounted at /boot
DEBUG:blivet:            DeviceTree.get_device_by_path: path: /dev/sda3 ; incomplete: False ; hidden: False ;
DEBUG:blivet:            DeviceTree.get_device_by_path returned non-existent 235.42 GiB btrfs subvolume home (181) with non-existent btrfs filesystem mounted at /home
DEBUG:anaconda.modules.storage.partitioning.validate:Storage check started with constraints {'min_ram': Size (410 MiB), 'root_device_types': set(), 'min_partition_sizes': {'/': Size (250 MiB), '/usr': Size (250 MiB), '/tmp': Size (50 MiB), '/var': Size (384 MiB), '/home': Size (100 MiB), '/boot': Size (1024 MiB), '/boot/efi': Size (500 MiB)}, 'req_partition_sizes': {}, 'must_be_on_linuxfs': {'/', '/home', '/usr/lib', '/usr', '/usr/share', '/var', '/tmp'}, 'must_be_on_root': {'/bin', '/root', 'lost+found', '/dev', '/proc', '/mnt', '/sbin', '/lib', '/etc'}, 'must_not_be_on_root': set(), 'reformat_allowlist': {'/usr', '/var', '/boot', '/tmp'}, 'reformat_blocklist': {'/home', '/var/www', '/usr/local', '/opt'}, 'swap_is_recommended': False, 'luks2_min_ram': Size (128 MiB)}.
DEBUG:anaconda.modules.storage.partitioning.validate:Run sanity check verify_root.
DEBUG:anaconda.modules.storage.partitioning.validate:Run sanity check verify_s390_constraints.
DEBUG:anaconda.modules.storage.partitioning.validate:Run sanity check verify_partition_formatting.
DEBUG:anaconda.modules.storage.partitioning.validate:Run sanity check verify_partition_sizes.
DEBUG:anaconda.modules.storage.partitioning.validate:Run sanity check verify_partition_format_sizes.
DEBUG:anaconda.modules.storage.partitioning.validate:Run sanity check verify_bootloader.
DEBUG:anaconda.modules.storage.partitioning.validate:Run sanity check verify_gpt_biosboot.
DEBUG:anaconda.modules.storage.partitioning.validate:Run sanity check verify_opal_compatibility.
DEBUG:anaconda.modules.storage.partitioning.validate:Run sanity check verify_swap.
DEBUG:anaconda.modules.storage.partitioning.validate:Run sanity check verify_swap_uuid.
DEBUG:anaconda.modules.storage.partitioning.validate:Run sanity check verify_mountpoints_on_linuxfs.
DEBUG:anaconda.modules.storage.partitioning.validate:Run sanity check verify_mountpoints_on_root.
DEBUG:anaconda.modules.storage.partitioning.validate:Run sanity check verify_mountpoints_not_on_root.
DEBUG:anaconda.modules.storage.partitioning.validate:Run sanity check verify_unlocked_devices_have_key.
DEBUG:anaconda.modules.storage.partitioning.validate:Run sanity check verify_luks_devices_have_key.
DEBUG:anaconda.modules.storage.partitioning.validate:Run sanity check verify_luks2_memory_requirements.
DEBUG:anaconda.modules.storage.partitioning.validate:Run sanity check verify_mounted_partitions.
DEBUG:anaconda.modules.storage.partitioning.validate:Run sanity check verify_lvm_destruction.
DEBUG:anaconda.modules.storage.partitioning.validate:Run sanity check verify_requests.
DEBUG:anaconda.modules.storage.partitioning.validate:Storage check finished with success.
INFO:anaconda.core.threads:Thread Done: AnaTaskThread-StorageValidateTask-1 (140654242514624)
DEBUG:anaconda.storage:Creating a copy of the storage model.
DEBUG:blivet:starting Blivet copy
DEBUG:blivet:                   PartitionDevice._set_parted_partition: sda1 ;
DEBUG:blivet:device sda1 new parted_partition parted.Partition instance --
  disk: <parted.disk.Disk object at 0x7fec9eb05630>  fileSystem: <parted.filesystem.FileSystem object at 0x7fec9ec433e0>
  number: 1  path: /dev/sda1  type: 0
  name:   active: True  busy: False
  geometry: <parted.geometry.Geometry object at 0x7fec9ebe34d0>  PedPartition: <_ped.Partition object at 0x7fec9eb18950>
DEBUG:blivet:                  DeviceTree.get_device_by_id: id_num: 13 ; incomplete: False ; hidden: False ;
DEBUG:blivet:                  DeviceTree.get_device_by_id returned existing 238.47 GiB disk sda (13) with existing gpt disklabel
DEBUG:blivet:                   PartitionDevice._set_parted_partition: sda2 ;
DEBUG:blivet:device sda2 new parted_partition parted.Partition instance --
  disk: <parted.disk.Disk object at 0x7fec9eb05630>  fileSystem: None
  number: 2  path: /dev/sda2  type: 0
  name:   active: True  busy: False
  geometry: <parted.geometry.Geometry object at 0x7fec9ec603b0>  PedPartition: <_ped.Partition object at 0x7fec9eb18590>
DEBUG:blivet:                  DeviceTree.get_device_by_id: id_num: 13 ; incomplete: False ; hidden: False ;
DEBUG:blivet:                  DeviceTree.get_device_by_id returned existing 238.47 GiB disk sda (13) with existing gpt disklabel
DEBUG:blivet:                   PartitionDevice._set_parted_partition: sda3 ;
DEBUG:blivet:device sda3 new parted_partition parted.Partition instance --
  disk: <parted.disk.Disk object at 0x7fec9eb05630>  fileSystem: None
  number: 3  path: /dev/sda3  type: 0
  name:   active: True  busy: False
  geometry: <parted.geometry.Geometry object at 0x7fec9ec63530>  PedPartition: <_ped.Partition object at 0x7fec9eb036f0>
DEBUG:blivet:                   PartitionDevice._set_parted_partition: mmcblk0p1 ;
DEBUG:blivet:device mmcblk0p1 new parted_partition parted.Partition instance --
  disk: <parted.disk.Disk object at 0x7fec9eb21a20>  fileSystem: <parted.filesystem.FileSystem object at 0x7fec9eb359f0>
  number: 1  path: /dev/mmcblk0p1  type: 0
  name: None  active: True  busy: False
  geometry: <parted.geometry.Geometry object at 0x7fec9eb0a750>  PedPartition: <_ped.Partition object at 0x7fec9eb3ade0>
DEBUG:blivet:finished Blivet copy
DEBUG:anaconda.storage:Finished a copy of the storage model.
DEBUG:anaconda.modules.storage.bootloader.base:Is sda1 a valid stage1 target device?
DEBUG:anaconda.modules.storage.bootloader.base:_is_valid_disklabel(sda1) returning True
DEBUG:anaconda.modules.storage.bootloader.base:_is_valid_disklabel(sda1) returning True
DEBUG:anaconda.modules.storage.bootloader.base:_is_valid_size(sda1) returning True
DEBUG:anaconda.modules.storage.bootloader.base:_is_valid_location(sda1) returning True
DEBUG:anaconda.modules.storage.bootloader.base:_is_valid_format(sda1) returning True
DEBUG:anaconda.modules.storage.bootloader.base:is_valid_stage1_device(sda1) returning True
DEBUG:anaconda.modules.storage.bootloader.base:Is sda2 a valid stage2 target device?
DEBUG:anaconda.modules.storage.bootloader.base:_is_valid_disklabel(sda2) returning True
DEBUG:anaconda.modules.storage.bootloader.base:_is_valid_size(sda2) returning True
DEBUG:anaconda.modules.storage.bootloader.base:_is_valid_partition(sda2) returning True
DEBUG:anaconda.modules.storage.bootloader.base:_is_valid_format(sda2) returning True
DEBUG:anaconda.modules.storage.bootloader.base:is_valid_stage2_device(sda2) returning True
DEBUG:anaconda.modules.storage.checker.utils:Available memory: 6.45 GiB
DEBUG:blivet:                 DeviceTree.get_device_by_path: path: /dev/sda1 ; incomplete: False ; hidden: False ;
DEBUG:blivet:                 DeviceTree.get_device_by_path returned existing 1.05 GiB partition sda1 (22) with existing efi filesystem mounted at /boot/efi
DEBUG:blivet:                 DeviceTree.get_device_by_path: path: /dev/sda2 ; incomplete: False ; hidden: False ;
DEBUG:blivet:                 DeviceTree.get_device_by_path returned non-existent 2 GiB partition sda2 (157) with non-existent ext4 filesystem mounted at /boot
DEBUG:blivet:                 DeviceTree.get_device_by_path: path: /dev/sda3 ; incomplete: False ; hidden: False ;
DEBUG:blivet:                 DeviceTree.get_device_by_path returned non-existent 235.42 GiB btrfs subvolume home (181) with non-existent btrfs filesystem mounted at /home
DEBUG:anaconda.modules.storage.partitioning.validate:Storage check started with constraints {'min_ram': Size (410 MiB), 'root_device_types': set(), 'min_partition_sizes': {'/': Size (250 MiB), '/usr': Size (250 MiB), '/tmp': Size (50 MiB), '/var': Size (384 MiB), '/home': Size (100 MiB), '/boot': Size (1024 MiB), '/boot/efi': Size (500 MiB)}, 'req_partition_sizes': {}, 'must_be_on_linuxfs': {'/', '/home', '/usr/lib', '/usr', '/usr/share', '/var', '/tmp'}, 'must_be_on_root': {'/bin', '/root', 'lost+found', '/dev', '/proc', '/mnt', '/sbin', '/lib', '/etc'}, 'must_not_be_on_root': set(), 'reformat_allowlist': {'/usr', '/var', '/boot', '/tmp'}, 'reformat_blocklist': {'/home', '/var/www', '/usr/local', '/opt'}, 'swap_is_recommended': False, 'luks2_min_ram': Size (128 MiB)}.
DEBUG:anaconda.modules.storage.partitioning.validate:Run sanity check verify_root.
DEBUG:anaconda.modules.storage.partitioning.validate:Run sanity check verify_s390_constraints.
DEBUG:anaconda.modules.storage.partitioning.validate:Run sanity check verify_partition_formatting.
DEBUG:anaconda.modules.storage.partitioning.validate:Run sanity check verify_partition_sizes.
DEBUG:anaconda.modules.storage.partitioning.validate:Run sanity check verify_partition_format_sizes.
DEBUG:anaconda.modules.storage.partitioning.validate:Run sanity check verify_bootloader.
DEBUG:anaconda.modules.storage.partitioning.validate:Run sanity check verify_gpt_biosboot.
DEBUG:anaconda.modules.storage.partitioning.validate:Run sanity check verify_opal_compatibility.
DEBUG:anaconda.modules.storage.partitioning.validate:Run sanity check verify_swap.
DEBUG:anaconda.modules.storage.partitioning.validate:Run sanity check verify_swap_uuid.
DEBUG:anaconda.modules.storage.partitioning.validate:Run sanity check verify_mountpoints_on_linuxfs.
DEBUG:anaconda.modules.storage.partitioning.validate:Run sanity check verify_mountpoints_on_root.
DEBUG:anaconda.modules.storage.partitioning.validate:Run sanity check verify_mountpoints_not_on_root.
DEBUG:anaconda.modules.storage.partitioning.validate:Run sanity check verify_unlocked_devices_have_key.
DEBUG:anaconda.modules.storage.partitioning.validate:Run sanity check verify_luks_devices_have_key.
DEBUG:anaconda.modules.storage.partitioning.validate:Run sanity check verify_luks2_memory_requirements.
DEBUG:anaconda.modules.storage.partitioning.validate:Run sanity check verify_mounted_partitions.
DEBUG:anaconda.modules.storage.partitioning.validate:Run sanity check verify_lvm_destruction.
DEBUG:anaconda.modules.storage.partitioning.validate:Run sanity check verify_requests.
DEBUG:anaconda.modules.storage.partitioning.validate:Storage check finished with success.
DEBUG:anaconda.modules.storage.storage:The storage model has changed.
DEBUG:anaconda.modules.storage.storage:The partitioning AUTOMATIC is applied.
DEBUG:anaconda.storage:Free size of mount point /: 283118539898
DEBUG:dasbus.connection:Publishing an object at /org/fedoraproject/Anaconda/Modules/Storage/Task/4.
DEBUG:dasbus.connection:Publishing an object at /org/fedoraproject/Anaconda/Modules/Storage/Task/5.
DEBUG:dasbus.connection:Publishing an object at /org/fedoraproject/Anaconda/Modules/Storage/Task/6.
DEBUG:dasbus.connection:Publishing an object at /org/fedoraproject/Anaconda/Modules/Storage/Task/7.
INFO:anaconda.core.threads:Running Thread: AnaTaskThread-CreateStorageLayoutTask-1 (140654234121920)
INFO:anaconda.modules.common.task.task:Create storage layout
DEBUG:blivet:            PartitionDevice.teardown: sda1 ; status: True ; controllable: True ;
DEBUG:blivet:                EFIFS.teardown: device: /dev/sda1 ; type: efi ; status: False ;
DEBUG:blivet:                EFIFS.teardown: device: /dev/sda1 ; type: efi ; status: False ;
DEBUG:blivet:                  DiskDevice.teardown: sda ; status: True ; controllable: True ;
DEBUG:blivet:                      DiskLabel.teardown: device: /dev/sda ; type: disklabel ; status: False ;
DEBUG:blivet:                      DiskLabel.teardown: device: /dev/sda ; type: disklabel ; status: False ;
DEBUG:blivet:            PartitionDevice.teardown: sda2 ; status: False ; controllable: True ;
DEBUG:blivet:                DiskDevice.teardown: sda ; status: True ; controllable: True ;
DEBUG:blivet:                    DiskLabel.teardown: device: /dev/sda ; type: disklabel ; status: False ;
DEBUG:blivet:                    DiskLabel.teardown: device: /dev/sda ; type: disklabel ; status: False ;
DEBUG:blivet:            BTRFSSubVolumeDevice.teardown: root ; status: False ; controllable: True ;
DEBUG:blivet:                BTRFSVolumeDevice.teardown: fl_fedora ; status: False ; controllable: True ;
DEBUG:blivet:                    PartitionDevice.teardown: sda3 ; status: False ; controllable: True ;
DEBUG:blivet:                        DiskDevice.teardown: sda ; status: True ; controllable: True ;
DEBUG:blivet:                            DiskLabel.teardown: device: /dev/sda ; type: disklabel ; status: False ;
DEBUG:blivet:                            DiskLabel.teardown: device: /dev/sda ; type: disklabel ; status: False ;
DEBUG:blivet:            BTRFSSubVolumeDevice.teardown: home ; status: False ; controllable: True ;
DEBUG:blivet:                BTRFSVolumeDevice.teardown: fl_fedora ; status: False ; controllable: True ;
DEBUG:blivet:                    PartitionDevice.teardown: sda3 ; status: False ; controllable: True ;
DEBUG:blivet:                        DiskDevice.teardown: sda ; status: True ; controllable: True ;
DEBUG:blivet:                            DiskLabel.teardown: device: /dev/sda ; type: disklabel ; status: False ;
DEBUG:blivet:                            DiskLabel.teardown: device: /dev/sda ; type: disklabel ; status: False ;
DEBUG:blivet:action: [146] destroy format ext4 filesystem on partition sda2 (id 29)
DEBUG:blivet:action: [148] destroy device partition sda2 (id 29)
DEBUG:blivet:action: [153] create device partition sda3 (id 150)
DEBUG:blivet:action: [154] create format btrfs filesystem on partition sda3 (id 150)
DEBUG:blivet:action: [160] create device partition sda2 (id 157)
DEBUG:blivet:action: [161] create format ext4 filesystem mounted at /boot on partition sda2 (id 157)
DEBUG:blivet:action: [170] create device btrfs volume fl_fedora (id 163)
DEBUG:blivet:action: [171] create format btrfs filesystem on btrfs volume fl_fedora (id 163)
DEBUG:blivet:action: [178] create device btrfs subvolume root (id 173)
DEBUG:blivet:action: [179] create format btrfs filesystem mounted at / on btrfs subvolume root (id 173)
DEBUG:blivet:action: [186] create device btrfs subvolume home (id 181)
DEBUG:blivet:action: [187] create format btrfs filesystem mounted at /home on btrfs subvolume home (id 181)
INFO:blivet:pruning action queue...
INFO:blivet:resetting parted disks...
DEBUG:blivet:                DiskLabel.reset_parted_disk: device: /dev/sda ;
DEBUG:blivet:                DiskLabel.reset_parted_disk: device: /dev/sda ;
DEBUG:blivet:                PartitionDevice.pre_commit_fixup: sda1 ;
DEBUG:blivet:sector-based lookup found partition sda1
DEBUG:blivet:                    PartitionDevice._set_parted_partition: sda1 ;
DEBUG:blivet:device sda1 new parted_partition parted.Partition instance --
  disk: <parted.disk.Disk object at 0x7fec9eb055c0>  fileSystem: <parted.filesystem.FileSystem object at 0x7fec9eb6a250>
  number: 1  path: /dev/sda1  type: 0
  name:   active: True  busy: False
  geometry: <parted.geometry.Geometry object at 0x7fec9eb66750>  PedPartition: <_ped.Partition object at 0x7fec9eb50400>
DEBUG:blivet:                PartitionDevice.pre_commit_fixup: sda2 ;
DEBUG:blivet:                PartitionDevice.pre_commit_fixup: sda3 ;
DEBUG:blivet:                PartitionDevice.pre_commit_fixup: sda2 ;
DEBUG:blivet:sector-based lookup found partition sda2
DEBUG:blivet:                    PartitionDevice._set_parted_partition: sda2 ;
DEBUG:blivet:device sda2 new parted_partition parted.Partition instance --
  disk: <parted.disk.Disk object at 0x7fec9eb21550>  fileSystem: <parted.filesystem.FileSystem object at 0x7fec9eb7c8d0>
  number: 2  path: /dev/sda2  type: 0
  name:   active: True  busy: False
  geometry: <parted.geometry.Geometry object at 0x7fec9eb804d0>  PedPartition: <_ped.Partition object at 0x7fec9eb528e0>
INFO:blivet:sorting actions...
DEBUG:blivet:action: [146] destroy format ext4 filesystem on partition sda2 (id 29)
DEBUG:blivet:action: [148] destroy device partition sda2 (id 29)
DEBUG:blivet:action: [160] create device partition sda2 (id 157)
DEBUG:blivet:action: [161] create format ext4 filesystem mounted at /boot on partition sda2 (id 157)
DEBUG:blivet:action: [153] create device partition sda3 (id 150)
DEBUG:blivet:action: [154] create format btrfs filesystem on partition sda3 (id 150)
DEBUG:blivet:action: [170] create device btrfs volume fl_fedora (id 163)
DEBUG:blivet:action: [171] create format btrfs filesystem on btrfs volume fl_fedora (id 163)
DEBUG:blivet:action: [186] create device btrfs subvolume home (id 181)
DEBUG:blivet:action: [187] create format btrfs filesystem mounted at /home on btrfs subvolume home (id 181)
DEBUG:blivet:action: [178] create device btrfs subvolume root (id 173)
DEBUG:blivet:action: [179] create format btrfs filesystem mounted at / on btrfs subvolume root (id 173)
INFO:blivet:executing action: [146] destroy format ext4 filesystem on partition sda2 (id 29)
DEBUG:blivet:                PartitionDevice.setup: sda2 ; orig: True ; status: True ; controllable: True ;
DEBUG:blivet:                Ext4FS.destroy: device: /dev/sda2 ; type: ext4 ; status: False ;
INFO:program:Running... udevadm settle --timeout=300
DEBUG:program:Return code: 0
INFO:program:Running... udevadm settle --timeout=300
DEBUG:program:Return code: 0
DEBUG:blivet:                DiskLabel.commit_to_disk: device: /dev/sda ; numparts: 2 ;
INFO:program:Running... udevadm settle --timeout=300
DEBUG:program:Return code: 0
INFO:blivet:executing action: [148] destroy device partition sda2 (id 29)
DEBUG:blivet:                PartitionDevice.destroy: sda2 ; status: True ;
DEBUG:blivet:                      PartitionDevice.teardown: sda2 ; status: True ; controllable: True ;
DEBUG:blivet:                          Ext4FS.teardown: device: /dev/sda2 ; type: ext4 ; status: False ;
DEBUG:blivet:                          DeviceFormat.teardown: device: /dev/sda2 ; type: None ; status: False ;
DEBUG:blivet:                    PartitionDevice.setup_parents: name: sda2 ; orig: True ;
DEBUG:blivet:                      DiskDevice.setup: sda ; orig: True ; status: True ; controllable: True ;
DEBUG:blivet:                      DiskLabel.setup: device: /dev/sda ; type: disklabel ; status: False ;
DEBUG:blivet:                  PartitionDevice._destroy: sda2 ; status: True ;
DEBUG:blivet:                    DiskLabel.commit: device: /dev/sda ; numparts: 1 ;
INFO:program:Running... udevadm settle --timeout=300
DEBUG:program:Return code: 0
DEBUG:blivet:                    DiskLabel.commit: device: /dev/sda ; numparts: 1 ;
INFO:program:Running... udevadm settle --timeout=300
DEBUG:program:Return code: 0
INFO:blivet:executing action: [160] create device partition sda2 (id 157)
DEBUG:blivet:                PartitionDevice.create: sda2 ; status: False ;
DEBUG:blivet:                    PartitionDevice.setup_parents: name: sda2 ; orig: False ;
DEBUG:blivet:                      DiskDevice.setup: sda ; orig: False ; status: True ; controllable: True ;
DEBUG:blivet:                      DiskLabel.setup: device: /dev/sda ; type: disklabel ; status: False ;
DEBUG:blivet:                  PartitionDevice._create: sda2 ; status: False ;
DEBUG:blivet:Discovered partition type UUID None for mount '/boot'
DEBUG:blivet:                    PartitionDevice._wipe: sda2 ; status: False ;
INFO:program:Running... dd if=/dev/zero of=/dev/sda bs=512 seek=2203648 count=2048
INFO:program:stderr:
INFO:program:b'2048+0 records in'
INFO:program:b'2048+0 records out'
INFO:program:b'1048576 bytes (1.0 MB, 1.0 MiB) copied, 0.031093 s, 33.7 MB/s'
DEBUG:program:Return code: 0
INFO:program:Running... udevadm settle --timeout=300
DEBUG:program:Return code: 0
INFO:program:Running... dd if=/dev/zero of=/dev/sda bs=512 seek=6395903 count=2048
INFO:program:stderr:
INFO:program:b'2048+0 records in'
INFO:program:b'2048+0 records out'
INFO:program:b'1048576 bytes (1.0 MB, 1.0 MiB) copied, 0.0259709 s, 40.4 MB/s'
DEBUG:program:Return code: 0
INFO:program:Running... udevadm settle --timeout=300
DEBUG:program:Return code: 0
DEBUG:blivet:                    DiskLabel.commit: device: /dev/sda ; numparts: 2 ;
INFO:program:Running... udevadm settle --timeout=300
DEBUG:program:Return code: 0
DEBUG:blivet:post-commit partition path is /dev/sda2
DEBUG:blivet:                      PartitionDevice._set_parted_partition: sda2 ;
DEBUG:blivet:device sda2 new parted_partition parted.Partition instance --
  disk: <parted.disk.Disk object at 0x7fec9eb055c0>  fileSystem: None
  number: 2  path: /dev/sda2  type: 0
  name:   active: True  busy: False
  geometry: <parted.geometry.Geometry object at 0x7fec9eb81730>  PedPartition: <_ped.Partition object at 0x7fec9eb53ec0>
DEBUG:blivet:                    DeviceFormat.destroy: device: /dev/sda2 ; type: None ; status: False ;
INFO:program:Running... udevadm settle --timeout=300
DEBUG:program:Return code: 0
DEBUG:blivet:                      PartitionDevice.setup: sda2 ; orig: False ; status: True ; controllable: True ;
DEBUG:blivet:                      PartitionDevice.update_sysfs_path: sda2 ; status: True ;
DEBUG:blivet:sda2 sysfs_path set to /sys/devices/pci0000:00/0000:00:17.0/ata1/host0/target0:0:0/0:0:0:0/block/sda/sda2
INFO:program:Running... udevadm settle --timeout=300
DEBUG:program:Return code: 0
DEBUG:blivet:                            PartitionDevice.read_current_size: exists: True ; path: /dev/sda2 ; sysfs_path: /sys/devices/pci0000:00/0000:00:17.0/ata1/host0/target0:0:0/0:0:0:0/block/sda/sda2 ;
DEBUG:testdata:sysfs attr /sys/devices/pci0000:00/0000:00:17.0/ata1/host0/target0:0:0/0:0:0:0/block/sda/sda2/size: 343139343330340a
DEBUG:blivet:updated sda2 size to 2 GiB (2 GiB)
INFO:blivet:executing action: [161] create format ext4 filesystem mounted at /boot on partition sda2 (id 157)
DEBUG:blivet:                PartitionDevice.unset_flag: path: /dev/sda2 ; flag: 1 ;
DEBUG:blivet:                PartitionDevice.unset_flag: path: /dev/sda2 ; flag: 2 ;
DEBUG:blivet:                PartitionDevice.unset_flag: path: /dev/sda2 ; flag: 3 ;
DEBUG:blivet:                PartitionDevice.unset_flag: path: /dev/sda2 ; flag: 4 ;
DEBUG:blivet:                PartitionDevice.unset_flag: path: /dev/sda2 ; flag: 5 ;
DEBUG:blivet:                PartitionDevice.unset_flag: path: /dev/sda2 ; flag: 6 ;
DEBUG:blivet:                PartitionDevice.unset_flag: path: /dev/sda2 ; flag: 8 ;
DEBUG:blivet:                PartitionDevice.unset_flag: path: /dev/sda2 ; flag: 9 ;
DEBUG:blivet:                PartitionDevice.unset_flag: path: /dev/sda2 ; flag: 10 ;
DEBUG:blivet:                PartitionDevice.unset_flag: path: /dev/sda2 ; flag: 11 ;
DEBUG:blivet:                PartitionDevice.unset_flag: path: /dev/sda2 ; flag: 12 ;
DEBUG:blivet:                PartitionDevice.unset_flag: path: /dev/sda2 ; flag: 13 ;
DEBUG:blivet:                PartitionDevice.unset_flag: path: /dev/sda2 ; flag: 14 ;
DEBUG:blivet:                PartitionDevice.unset_flag: path: /dev/sda2 ; flag: 15 ;
DEBUG:blivet:                PartitionDevice.unset_flag: path: /dev/sda2 ; flag: 16 ;
DEBUG:blivet:                PartitionDevice.unset_flag: path: /dev/sda2 ; flag: 17 ;
DEBUG:blivet:                PartitionDevice.unset_flag: path: /dev/sda2 ; flag: 18 ;
DEBUG:blivet:                PartitionDevice.unset_flag: path: /dev/sda2 ; flag: 19 ;
DEBUG:blivet:                PartitionDevice.unset_flag: path: /dev/sda2 ; flag: 20 ;
DEBUG:blivet:                PartitionDevice.unset_flag: path: /dev/sda2 ; flag: 21 ;
DEBUG:blivet:                PartitionDevice.unset_flag: path: /dev/sda2 ; flag: 22 ;
DEBUG:blivet:Discovered partition type UUID None for mount '/boot'
DEBUG:blivet:                DiskLabel.commit_to_disk: device: /dev/sda ; numparts: 2 ;
INFO:program:Running... udevadm settle --timeout=300
DEBUG:program:Return code: 0
DEBUG:blivet:                PartitionDevice.setup: sda2 ; orig: False ; status: True ; controllable: True ;
DEBUG:blivet:                Ext4FS.create: device: /dev/sda2 ; type: ext4 ; status: False ;
DEBUG:blivet:                  Ext4FS._create: type: ext4 ; device: /dev/sda2 ; mountpoint: /boot ;
WARNING:py.warnings:/usr/lib/python3.14/site-packages/blivet/tasks/fsmkfs.py:279: DeprecationWarning: Passing arguments to gi.types.Boxed.__init__() is deprecated. All arguments passed will be ignored.
  bd_options = BlockDev.FSMkfsOptions(label=self.fs.label if label else None,

INFO:program:Running [12] mke2fs -t ext4 /dev/sda2 ...
INFO:program:stdout[12]: Discarding device blocks:      0/524288             done                            
Creating filesystem with 524288 4k blocks and 131072 inodes
Filesystem UUID: 9a4e5dd5-c8e9-47c6-8ee6-cc7268fd0c49
Superblock backups stored on blocks: 
	32768, 98304, 163840, 229376, 294912

Allocating group tables:  0/16     done                            
Writing inode tables:  0/16     done                            
Creating journal (16384 blocks): done
Writing superblocks and filesystem accounting information:  0/16     done


INFO:program:stderr[12]: mke2fs 1.47.3 (8-Jul-2025)

INFO:program:...done [12] (exit code: 0)
INFO:program:Running... udevadm settle --timeout=300
DEBUG:program:Return code: 0
DEBUG:blivet:                PartitionDevice.update_sysfs_path: sda2 ; status: True ;
DEBUG:blivet:sda2 sysfs_path set to /sys/devices/pci0000:00/0000:00:17.0/ata1/host0/target0:0:0/0:0:0:0/block/sda/sda2
INFO:blivet:executing action: [153] create device partition sda3 (id 150)
DEBUG:blivet:                PartitionDevice.create: sda3 ; status: False ;
DEBUG:blivet:                    PartitionDevice.setup_parents: name: sda3 ; orig: False ;
DEBUG:blivet:                      DiskDevice.setup: sda ; orig: False ; status: True ; controllable: True ;
DEBUG:blivet:                      DiskLabel.setup: device: /dev/sda ; type: disklabel ; status: False ;
DEBUG:blivet:                  PartitionDevice._create: sda3 ; status: False ;
DEBUG:blivet:                    PartitionDevice._wipe: sda3 ; status: False ;
INFO:program:Running... dd if=/dev/zero of=/dev/sda bs=512 seek=6397952 count=2048
INFO:program:stderr:
INFO:program:b'2048+0 records in'
INFO:program:b'2048+0 records out'
INFO:program:b'1048576 bytes (1.0 MB, 1.0 MiB) copied, 0.0270686 s, 38.7 MB/s'
DEBUG:program:Return code: 0
INFO:program:Running... udevadm settle --timeout=300
DEBUG:program:Return code: 0
INFO:program:Running... dd if=/dev/zero of=/dev/sda bs=512 seek=500115455 count=2048
INFO:program:stderr:
INFO:program:b'2048+0 records in'
INFO:program:b'2048+0 records out'
INFO:program:b'1048576 bytes (1.0 MB, 1.0 MiB) copied, 0.0590113 s, 17.8 MB/s'
DEBUG:program:Return code: 0
INFO:program:Running... udevadm settle --timeout=300
DEBUG:program:Return code: 0
DEBUG:blivet:                    DiskLabel.commit: device: /dev/sda ; numparts: 3 ;
INFO:program:Running... udevadm settle --timeout=300
DEBUG:program:Return code: 0
DEBUG:blivet:post-commit partition path is /dev/sda3
DEBUG:blivet:                      PartitionDevice._set_parted_partition: sda3 ;
DEBUG:blivet:device sda3 new parted_partition parted.Partition instance --
  disk: <parted.disk.Disk object at 0x7fec9eb055c0>  fileSystem: None
  number: 3  path: /dev/sda3  type: 0
  name:   active: True  busy: False
  geometry: <parted.geometry.Geometry object at 0x7fec9eb65a90>  PedPartition: <_ped.Partition object at 0x7fec9eaf4e00>
DEBUG:blivet:                    DeviceFormat.destroy: device: /dev/sda3 ; type: None ; status: False ;
INFO:program:Running... udevadm settle --timeout=300
DEBUG:program:Return code: 0
DEBUG:blivet:                      PartitionDevice.setup: sda3 ; orig: False ; status: True ; controllable: True ;
DEBUG:blivet:                      PartitionDevice.update_sysfs_path: sda3 ; status: True ;
DEBUG:blivet:sda3 sysfs_path set to /sys/devices/pci0000:00/0000:00:17.0/ata1/host0/target0:0:0/0:0:0:0/block/sda/sda3
INFO:program:Running... udevadm settle --timeout=300
DEBUG:program:Return code: 0
DEBUG:blivet:                            PartitionDevice.read_current_size: exists: True ; path: /dev/sda3 ; sysfs_path: /sys/devices/pci0000:00/0000:00:17.0/ata1/host0/target0:0:0/0:0:0:0/block/sda/sda3 ;
DEBUG:testdata:sysfs attr /sys/devices/pci0000:00/0000:00:17.0/ata1/host0/target0:0:0/0:0:0:0/block/sda/sda3/size: 3439333731393535320a
DEBUG:blivet:updated sda3 size to 235.42 GiB (235.42 GiB)
INFO:blivet:executing action: [154] create format btrfs filesystem on partition sda3 (id 150)
DEBUG:blivet:                PartitionDevice.unset_flag: path: /dev/sda3 ; flag: 1 ;
DEBUG:blivet:                PartitionDevice.unset_flag: path: /dev/sda3 ; flag: 2 ;
DEBUG:blivet:                PartitionDevice.unset_flag: path: /dev/sda3 ; flag: 3 ;
DEBUG:blivet:                PartitionDevice.unset_flag: path: /dev/sda3 ; flag: 4 ;
DEBUG:blivet:                PartitionDevice.unset_flag: path: /dev/sda3 ; flag: 5 ;
DEBUG:blivet:                PartitionDevice.unset_flag: path: /dev/sda3 ; flag: 6 ;
DEBUG:blivet:                PartitionDevice.unset_flag: path: /dev/sda3 ; flag: 8 ;
DEBUG:blivet:                PartitionDevice.unset_flag: path: /dev/sda3 ; flag: 9 ;
DEBUG:blivet:                PartitionDevice.unset_flag: path: /dev/sda3 ; flag: 10 ;
DEBUG:blivet:                PartitionDevice.unset_flag: path: /dev/sda3 ; flag: 11 ;
DEBUG:blivet:                PartitionDevice.unset_flag: path: /dev/sda3 ; flag: 12 ;
DEBUG:blivet:                PartitionDevice.unset_flag: path: /dev/sda3 ; flag: 13 ;
DEBUG:blivet:                PartitionDevice.unset_flag: path: /dev/sda3 ; flag: 14 ;
DEBUG:blivet:                PartitionDevice.unset_flag: path: /dev/sda3 ; flag: 15 ;
DEBUG:blivet:                PartitionDevice.unset_flag: path: /dev/sda3 ; flag: 16 ;
DEBUG:blivet:                PartitionDevice.unset_flag: path: /dev/sda3 ; flag: 17 ;
DEBUG:blivet:                PartitionDevice.unset_flag: path: /dev/sda3 ; flag: 18 ;
DEBUG:blivet:                PartitionDevice.unset_flag: path: /dev/sda3 ; flag: 19 ;
DEBUG:blivet:                PartitionDevice.unset_flag: path: /dev/sda3 ; flag: 20 ;
DEBUG:blivet:                PartitionDevice.unset_flag: path: /dev/sda3 ; flag: 21 ;
DEBUG:blivet:                PartitionDevice.unset_flag: path: /dev/sda3 ; flag: 22 ;
DEBUG:blivet:                DiskLabel.commit_to_disk: device: /dev/sda ; numparts: 3 ;
INFO:program:Running... udevadm settle --timeout=300
DEBUG:program:Return code: 0
DEBUG:blivet:                PartitionDevice.setup: sda3 ; orig: False ; status: True ; controllable: True ;
INFO:program:Running... udevadm settle --timeout=300
DEBUG:program:Return code: 0
DEBUG:blivet:                PartitionDevice.update_sysfs_path: sda3 ; status: True ;
DEBUG:blivet:sda3 sysfs_path set to /sys/devices/pci0000:00/0000:00:17.0/ata1/host0/target0:0:0/0:0:0:0/block/sda/sda3
INFO:blivet:executing action: [170] create device btrfs volume fl_fedora (id 163)
DEBUG:blivet:                BTRFSVolumeDevice.create: fl_fedora ; status: False ;
DEBUG:blivet:                      BTRFSVolumeDevice.setup_parents: name: fl_fedora ; orig: False ;
DEBUG:blivet:                        PartitionDevice.setup: sda3 ; orig: False ; status: True ; controllable: True ;
INFO:program:Running... udevadm settle --timeout=300
DEBUG:program:Return code: 0
DEBUG:testdata:sysfs attr /sys/class/block/sdb/device/model: 53544f5245204e20474f2020202020200a
DEBUG:testdata:sysfs attr /sys/class/block/sda/device/model: 53616e4469736b2053443953423857320a
DEBUG:testdata:sysfs attr /sys/class/block/sr0/device/model: 44564452414d20475545314e202020200a
DEBUG:blivet:                        BTRFS.setup: device: /dev/sda3 ; type: btrfs ; status: False ;
DEBUG:blivet:                          BTRFS._pre_setup: type: btrfs ; device: /dev/sda3 ; mountpoint: None ;
DEBUG:blivet:                  BTRFSVolumeDevice._create: fl_fedora ; status: False ;
INFO:program:Running [13] mkfs.btrfs --label fl_fedora /dev/sda3 -U 9fc3e463-e99f-412f-a74e-50a96def325d ...
INFO:program:stdout[13]: btrfs-progs v7.1
See https://btrfs.readthedocs.io for more information.

Performing full device TRIM /dev/sda3 (235.42GiB) ...
NOTE: default settings have changed in version 6.19 (supported since linux 6.1):
      - enable block-group-tree (-O bgt)

Label:              fl_fedora
UUID:               9fc3e463-e99f-412f-a74e-50a96def325d
Node size:          16384
Sector size:        4096	(CPU page size: 4096)
Filesystem size:    235.42GiB
Block group profiles:
  Data:             single            8.00MiB
  Metadata:         DUP               1.00GiB
  System:           DUP               8.00MiB
SSD detected:       yes
Zoned device:       no
Features:           extref, skinny-metadata, no-holes, free-space-tree, block-group-tree
Checksum:           crc32c
Number of devices:  1
Devices:
   ID        SIZE  PATH     
    1   235.42GiB  /dev/sda3


INFO:program:stderr[13]: 
INFO:program:...done [13] (exit code: 0)
DEBUG:blivet:                        BTRFSVolumeDevice.setup: fl_fedora ; orig: False ; status: True ; controllable: True ;
DEBUG:blivet:                        BTRFSVolumeDevice.update_sysfs_path: fl_fedora ; status: True ;
DEBUG:blivet:                          PartitionDevice.update_sysfs_path: sda3 ; status: True ;
DEBUG:blivet:sda3 sysfs_path set to /sys/devices/pci0000:00/0000:00:17.0/ata1/host0/target0:0:0/0:0:0:0/block/sda/sda3
DEBUG:blivet:fl_fedora sysfs_path set to /sys/devices/pci0000:00/0000:00:17.0/ata1/host0/target0:0:0/0:0:0:0/block/sda/sda3
INFO:program:Running... udevadm settle --timeout=300
DEBUG:program:Return code: 0
INFO:blivet:executing action: [171] create format btrfs filesystem on btrfs volume fl_fedora (id 163)
DEBUG:blivet:                BTRFSVolumeDevice.setup: fl_fedora ; orig: False ; status: True ; controllable: True ;
INFO:program:Running... udevadm settle --timeout=300
DEBUG:program:Return code: 0
DEBUG:blivet:                BTRFSVolumeDevice.update_sysfs_path: fl_fedora ; status: True ;
DEBUG:blivet:                  PartitionDevice.update_sysfs_path: sda3 ; status: True ;
DEBUG:blivet:sda3 sysfs_path set to /sys/devices/pci0000:00/0000:00:17.0/ata1/host0/target0:0:0/0:0:0:0/block/sda/sda3
DEBUG:blivet:fl_fedora sysfs_path set to /sys/devices/pci0000:00/0000:00:17.0/ata1/host0/target0:0:0/0:0:0:0/block/sda/sda3
INFO:blivet:executing action: [186] create device btrfs subvolume home (id 181)
DEBUG:blivet:                BTRFSSubVolumeDevice.create: home ; status: False ;
DEBUG:blivet:                    BTRFSSubVolumeDevice.setup_parents: name: home ; orig: False ;
DEBUG:blivet:                      BTRFSVolumeDevice.setup: fl_fedora ; orig: False ; status: True ; controllable: True ;
DEBUG:blivet:                  BTRFSSubVolumeDevice._create: home ; status: False ;
INFO:program:Running... udevadm settle --timeout=300
DEBUG:program:Return code: 0
DEBUG:testdata:sysfs attr /sys/class/block/sdb/device/model: 53544f5245204e20474f2020202020200a
DEBUG:testdata:sysfs attr /sys/class/block/sda/device/model: 53616e4469736b2053443953423857320a
DEBUG:testdata:sysfs attr /sys/class/block/sr0/device/model: 44564452414d20475545314e202020200a
INFO:program:Mounting /dev/sda3 (fstype btrfs) to /tmp/btrfs-tmp.16338zwgmuk with options: 
INFO:program:Running [14] btrfs subvol create /tmp/btrfs-tmp.16338zwgmuk/home ...
INFO:program:stdout[14]: Create subvolume '/tmp/btrfs-tmp.16338zwgmuk/home'

INFO:program:stderr[14]: 
INFO:program:...done [14] (exit code: 0)
INFO:program:Unmounting /tmp/btrfs-tmp.16338zwgmuk
DEBUG:blivet:                        BTRFSSubVolumeDevice.setup: home ; orig: False ; status: True ; controllable: True ;
DEBUG:blivet:                        BTRFSSubVolumeDevice.update_sysfs_path: home ; status: True ;
DEBUG:blivet:                          BTRFSVolumeDevice.update_sysfs_path: fl_fedora ; status: True ;
DEBUG:blivet:                            PartitionDevice.update_sysfs_path: sda3 ; status: True ;
DEBUG:blivet:sda3 sysfs_path set to /sys/devices/pci0000:00/0000:00:17.0/ata1/host0/target0:0:0/0:0:0:0/block/sda/sda3
DEBUG:blivet:fl_fedora sysfs_path set to /sys/devices/pci0000:00/0000:00:17.0/ata1/host0/target0:0:0/0:0:0:0/block/sda/sda3
DEBUG:blivet:home sysfs_path set to /sys/devices/pci0000:00/0000:00:17.0/ata1/host0/target0:0:0/0:0:0:0/block/sda/sda3
INFO:program:Running... udevadm settle --timeout=300
DEBUG:program:Return code: 0
INFO:blivet:executing action: [187] create format btrfs filesystem mounted at /home on btrfs subvolume home (id 181)
DEBUG:blivet:                BTRFSSubVolumeDevice.setup: home ; orig: False ; status: True ; controllable: True ;
INFO:program:Running... udevadm settle --timeout=300
DEBUG:program:Return code: 0
DEBUG:blivet:                BTRFSSubVolumeDevice.update_sysfs_path: home ; status: True ;
DEBUG:blivet:                  BTRFSVolumeDevice.update_sysfs_path: fl_fedora ; status: True ;
DEBUG:blivet:                    PartitionDevice.update_sysfs_path: sda3 ; status: True ;
DEBUG:blivet:sda3 sysfs_path set to /sys/devices/pci0000:00/0000:00:17.0/ata1/host0/target0:0:0/0:0:0:0/block/sda/sda3
DEBUG:blivet:fl_fedora sysfs_path set to /sys/devices/pci0000:00/0000:00:17.0/ata1/host0/target0:0:0/0:0:0:0/block/sda/sda3
DEBUG:blivet:home sysfs_path set to /sys/devices/pci0000:00/0000:00:17.0/ata1/host0/target0:0:0/0:0:0:0/block/sda/sda3
INFO:blivet:executing action: [178] create device btrfs subvolume root (id 173)
DEBUG:blivet:                BTRFSSubVolumeDevice.create: root ; status: False ;
DEBUG:blivet:                    BTRFSSubVolumeDevice.setup_parents: name: root ; orig: False ;
DEBUG:blivet:                      BTRFSVolumeDevice.setup: fl_fedora ; orig: False ; status: True ; controllable: True ;
DEBUG:blivet:                  BTRFSSubVolumeDevice._create: root ; status: False ;
INFO:program:Mounting /dev/sda3 (fstype btrfs) to /tmp/btrfs-tmp.163s6to7pdn with options: 
INFO:program:Running [15] btrfs subvol create /tmp/btrfs-tmp.163s6to7pdn/root ...
INFO:program:stdout[15]: Create subvolume '/tmp/btrfs-tmp.163s6to7pdn/root'

INFO:program:stderr[15]: 
INFO:program:...done [15] (exit code: 0)
INFO:program:Unmounting /tmp/btrfs-tmp.163s6to7pdn
DEBUG:blivet:                        BTRFSSubVolumeDevice.setup: root ; orig: False ; status: True ; controllable: True ;
DEBUG:blivet:                        BTRFSSubVolumeDevice.update_sysfs_path: root ; status: True ;
DEBUG:blivet:                          BTRFSVolumeDevice.update_sysfs_path: fl_fedora ; status: True ;
DEBUG:blivet:                            PartitionDevice.update_sysfs_path: sda3 ; status: True ;
DEBUG:blivet:sda3 sysfs_path set to /sys/devices/pci0000:00/0000:00:17.0/ata1/host0/target0:0:0/0:0:0:0/block/sda/sda3
DEBUG:blivet:fl_fedora sysfs_path set to /sys/devices/pci0000:00/0000:00:17.0/ata1/host0/target0:0:0/0:0:0:0/block/sda/sda3
DEBUG:blivet:root sysfs_path set to /sys/devices/pci0000:00/0000:00:17.0/ata1/host0/target0:0:0/0:0:0:0/block/sda/sda3
INFO:program:Running... udevadm settle --timeout=300
DEBUG:program:Return code: 0
INFO:blivet:executing action: [179] create format btrfs filesystem mounted at / on btrfs subvolume root (id 173)
DEBUG:blivet:                BTRFSSubVolumeDevice.setup: root ; orig: False ; status: True ; controllable: True ;
INFO:program:Running... udevadm settle --timeout=300
DEBUG:program:Return code: 0
DEBUG:blivet:                BTRFSSubVolumeDevice.update_sysfs_path: root ; status: True ;
DEBUG:blivet:                  BTRFSVolumeDevice.update_sysfs_path: fl_fedora ; status: True ;
DEBUG:blivet:                    PartitionDevice.update_sysfs_path: sda3 ; status: True ;
DEBUG:blivet:sda3 sysfs_path set to /sys/devices/pci0000:00/0000:00:17.0/ata1/host0/target0:0:0/0:0:0:0/block/sda/sda3
DEBUG:blivet:fl_fedora sysfs_path set to /sys/devices/pci0000:00/0000:00:17.0/ata1/host0/target0:0:0/0:0:0:0/block/sda/sda3
DEBUG:blivet:root sysfs_path set to /sys/devices/pci0000:00/0000:00:17.0/ata1/host0/target0:0:0/0:0:0:0/block/sda/sda3
DEBUG:blivet:                  PartitionDevice._set_parted_partition: sda1 ;
DEBUG:blivet:device sda1 new parted_partition parted.Partition instance --
  disk: <parted.disk.Disk object at 0x7fec9eb055c0>  fileSystem: <parted.filesystem.FileSystem object at 0x7fec9eb5a890>
  number: 1  path: /dev/sda1  type: 0
  name:   active: True  busy: False
  geometry: <parted.geometry.Geometry object at 0x7fec9eb5ea50>  PedPartition: <_ped.Partition object at 0x7fec9eb331f0>
DEBUG:blivet:                  PartitionDevice._set_parted_partition: sda2 ;
DEBUG:blivet:device sda2 new parted_partition parted.Partition instance --
  disk: <parted.disk.Disk object at 0x7fec9eb055c0>  fileSystem: <parted.filesystem.FileSystem object at 0x7fec9eb5a900>
  number: 2  path: /dev/sda2  type: 0
  name:   active: True  busy: False
  geometry: <parted.geometry.Geometry object at 0x7fec9eb5e450>  PedPartition: <_ped.Partition object at 0x7fec9eb33970>
DEBUG:blivet:                  PartitionDevice._set_parted_partition: sda3 ;
DEBUG:blivet:device sda3 new parted_partition parted.Partition instance --
  disk: <parted.disk.Disk object at 0x7fec9eb055c0>  fileSystem: None
  number: 3  path: /dev/sda3  type: 0
  name:   active: True  busy: False
  geometry: <parted.geometry.Geometry object at 0x7fec9eb5f350>  PedPartition: <_ped.Partition object at 0x7fec9eb33ab0>
INFO:anaconda.modules.storage.installation:setting boot flag on sda1
DEBUG:blivet:             PartitionDevice.set_flag: path: /dev/sda1 ; flag: 1 ;
INFO:anaconda.modules.storage.installation:Setting label on existing 1.05 GiB partition sda1 (22) with existing efi filesystem mounted at /boot/efi to 'EFI System Partition'
DEBUG:blivet:           DiskDevice.setup: sda ; orig: False ; status: True ; controllable: True ;
DEBUG:blivet:           DiskLabel.commit_to_disk: device: /dev/sda ; numparts: 3 ;
DEBUG:blivet:                  BTRFS.supported: supported: True ;
DEBUG:blivet:                  BTRFS.supported: supported: True ;
DEBUG:blivet:                  BTRFS.supported: supported: True ;
DEBUG:blivet:                      EFIFS.supported: supported: True ;
DEBUG:blivet:                    Ext4FS.supported: supported: True ;
DEBUG:blivet:                    BTRFS.supported: supported: True ;
DEBUG:blivet:                  Iso9660FS.supported: supported: True ;
INFO:anaconda.core.threads:Thread Done: AnaTaskThread-CreateStorageLayoutTask-1 (140654234121920)
INFO:anaconda.core.threads:Running Thread: AnaTaskThread-MountFilesystemsTask-1 (140654242514624)
INFO:anaconda.modules.common.task.task:Mount filesystems
DEBUG:blivet:                  BindFS.supported: supported: False ;
DEBUG:blivet:get_format('bind') returning BindFS instance with object id 257
DEBUG:blivet:get_format('None') returning DeviceFormat instance with object id 259
DEBUG:blivet:                     DirectoryDevice._set_format: /dev ; type: bind ; current: None ;
DEBUG:blivet:updated /dev size to 4.04 KiB (4.04 KiB)
DEBUG:blivet:                      TmpFS.supported: supported: True ;
DEBUG:blivet:get_format('tmpfs') returning TmpFS instance with object id 261
DEBUG:blivet:get_format('None') returning DeviceFormat instance with object id 263
DEBUG:blivet:                     NoDevice._set_format: tmpfs ; type: tmpfs ; current: None ;
DEBUG:blivet:                    DevPtsFS.supported: supported: False ;
DEBUG:blivet:get_format('devpts') returning DevPtsFS instance with object id 265
DEBUG:blivet:get_format('None') returning DeviceFormat instance with object id 267
DEBUG:blivet:                     NoDevice._set_format: devpts ; type: devpts ; current: None ;
DEBUG:blivet:                    SysFS.supported: supported: False ;
DEBUG:blivet:get_format('sysfs') returning SysFS instance with object id 269
DEBUG:blivet:get_format('None') returning DeviceFormat instance with object id 271
DEBUG:blivet:                     NoDevice._set_format: sysfs ; type: sysfs ; current: None ;
DEBUG:blivet:                    ProcFS.supported: supported: False ;
DEBUG:blivet:get_format('proc') returning ProcFS instance with object id 273
DEBUG:blivet:get_format('None') returning DeviceFormat instance with object id 275
DEBUG:blivet:                     NoDevice._set_format: proc ; type: proc ; current: None ;
DEBUG:blivet:                    SELinuxFS.supported: supported: False ;
DEBUG:blivet:get_format('selinuxfs') returning SELinuxFS instance with object id 277
DEBUG:blivet:get_format('None') returning DeviceFormat instance with object id 279
DEBUG:blivet:                     NoDevice._set_format: selinuxfs ; type: selinuxfs ; current: None ;
DEBUG:blivet:                    USBFS.supported: supported: False ;
DEBUG:blivet:get_format('usbfs') returning USBFS instance with object id 281
DEBUG:blivet:get_format('None') returning DeviceFormat instance with object id 283
DEBUG:blivet:                     NoDevice._set_format: usbfs ; type: usbfs ; current: None ;
DEBUG:blivet:                  BindFS.supported: supported: False ;
DEBUG:blivet:get_format('bind') returning BindFS instance with object id 285
DEBUG:blivet:get_format('None') returning DeviceFormat instance with object id 287
DEBUG:blivet:                     DirectoryDevice._set_format: /run ; type: bind ; current: None ;
DEBUG:blivet:updated /run size to 1.02 KiB (1.02 KiB)
DEBUG:blivet:                    EFIVarFS.supported: supported: False ;
DEBUG:blivet:get_format('efivarfs') returning EFIVarFS instance with object id 289
DEBUG:blivet:get_format('None') returning DeviceFormat instance with object id 291
DEBUG:blivet:                     NoDevice._set_format: efivarfs ; type: efivarfs ; current: None ;
DEBUG:blivet:                      TmpFS.supported: supported: True ;
DEBUG:blivet:get_format('tmpfs') returning TmpFS instance with object id 293
DEBUG:blivet:get_format('None') returning DeviceFormat instance with object id 295
DEBUG:blivet:                     NoDevice._set_format: tmpfs ; type: tmpfs ; current: None ;
DEBUG:blivet:            BTRFSSubVolumeDevice.setup: root ; orig: False ; status: True ; controllable: True ;
INFO:program:Running... udevadm settle --timeout=300
DEBUG:program:Return code: 0
DEBUG:testdata:sysfs attr /sys/class/block/sdb/device/model: 53544f5245204e20474f2020202020200a
DEBUG:testdata:sysfs attr /sys/class/block/sda/device/model: 53616e4469736b2053443953423857320a
DEBUG:testdata:sysfs attr /sys/class/block/sr0/device/model: 44564452414d20475545314e202020200a
DEBUG:blivet:            BTRFS.setup: device: /dev/sda3 ; type: btrfs ; status: False ;
DEBUG:blivet:              BTRFS._pre_setup: type: btrfs ; device: /dev/sda3 ; mountpoint: / ;
INFO:program:Mounting /dev/sda3 (fstype btrfs) to /mnt/sysimage with options: subvol=root,compress=zstd:1
DEBUG:blivet:            PartitionDevice.setup: sda2 ; orig: False ; status: True ; controllable: True ;
INFO:program:Running... udevadm settle --timeout=300
DEBUG:program:Return code: 0
DEBUG:testdata:sysfs attr /sys/class/block/sdb/device/model: 53544f5245204e20474f2020202020200a
DEBUG:testdata:sysfs attr /sys/class/block/sda/device/model: 53616e4469736b2053443953423857320a
DEBUG:testdata:sysfs attr /sys/class/block/sr0/device/model: 44564452414d20475545314e202020200a
INFO:program:Running... udevadm settle --timeout=300
DEBUG:program:Return code: 0
DEBUG:testdata:sysfs attr /sys/class/block/sdb/device/model: 53544f5245204e20474f2020202020200a
DEBUG:testdata:sysfs attr /sys/class/block/sda/device/model: 53616e4469736b2053443953423857320a
DEBUG:testdata:sysfs attr /sys/class/block/sr0/device/model: 44564452414d20475545314e202020200a
INFO:program:Running... udevadm settle --timeout=300
DEBUG:program:Return code: 0
DEBUG:testdata:sysfs attr /sys/class/block/sdb/device/model: 53544f5245204e20474f2020202020200a
DEBUG:testdata:sysfs attr /sys/class/block/sda/device/model: 53616e4469736b2053443953423857320a
DEBUG:testdata:sysfs attr /sys/class/block/sr0/device/model: 44564452414d20475545314e202020200a
INFO:program:Running... udevadm settle --timeout=300
DEBUG:program:Return code: 0
DEBUG:testdata:sysfs attr /sys/class/block/sdb/device/model: 53544f5245204e20474f2020202020200a
DEBUG:testdata:sysfs attr /sys/class/block/sda/device/model: 53616e4469736b2053443953423857320a
DEBUG:testdata:sysfs attr /sys/class/block/sr0/device/model: 44564452414d20475545314e202020200a
INFO:program:Running... udevadm settle --timeout=300
DEBUG:program:Return code: 0
DEBUG:testdata:sysfs attr /sys/class/block/sdb/device/model: 53544f5245204e20474f2020202020200a
DEBUG:testdata:sysfs attr /sys/class/block/sda/device/model: 53616e4469736b2053443953423857320a
DEBUG:testdata:sysfs attr /sys/class/block/sr0/device/model: 44564452414d20475545314e202020200a
INFO:program:Running... udevadm settle --timeout=300
DEBUG:program:Return code: 0
DEBUG:testdata:sysfs attr /sys/class/block/sdb/device/model: 53544f5245204e20474f2020202020200a
DEBUG:testdata:sysfs attr /sys/class/block/sda/device/model: 53616e4469736b2053443953423857320a
DEBUG:testdata:sysfs attr /sys/class/block/sr0/device/model: 44564452414d20475545314e202020200a
DEBUG:blivet:            Ext4FS.setup: device: /dev/sda2 ; type: ext4 ; status: False ;
INFO:program:Mounting /dev/sda2 (fstype ext4) to /mnt/sysimage/boot with options: defaults
DEBUG:blivet:            PartitionDevice.setup: sda1 ; orig: False ; status: True ; controllable: True ;
INFO:program:Running... udevadm settle --timeout=300
DEBUG:program:Return code: 0
DEBUG:testdata:sysfs attr /sys/class/block/sdb/device/model: 53544f5245204e20474f2020202020200a
DEBUG:testdata:sysfs attr /sys/class/block/sda/device/model: 53616e4469736b2053443953423857320a
DEBUG:testdata:sysfs attr /sys/class/block/sr0/device/model: 44564452414d20475545314e202020200a
INFO:program:Running... udevadm settle --timeout=300
DEBUG:program:Return code: 0
DEBUG:testdata:sysfs attr /sys/class/block/sdb/device/model: 53544f5245204e20474f2020202020200a
DEBUG:testdata:sysfs attr /sys/class/block/sda/device/model: 53616e4469736b2053443953423857320a
DEBUG:testdata:sysfs attr /sys/class/block/sr0/device/model: 44564452414d20475545314e202020200a
INFO:program:Running... udevadm settle --timeout=300
DEBUG:program:Return code: 0
DEBUG:testdata:sysfs attr /sys/class/block/sdb/device/model: 53544f5245204e20474f2020202020200a
DEBUG:testdata:sysfs attr /sys/class/block/sda/device/model: 53616e4469736b2053443953423857320a
DEBUG:testdata:sysfs attr /sys/class/block/sr0/device/model: 44564452414d20475545314e202020200a
INFO:program:Running... udevadm settle --timeout=300
DEBUG:program:Return code: 0
DEBUG:testdata:sysfs attr /sys/class/block/sdb/device/model: 53544f5245204e20474f2020202020200a
DEBUG:testdata:sysfs attr /sys/class/block/sda/device/model: 53616e4469736b2053443953423857320a
DEBUG:testdata:sysfs attr /sys/class/block/sr0/device/model: 44564452414d20475545314e202020200a
INFO:program:Running... udevadm settle --timeout=300
DEBUG:program:Return code: 0
DEBUG:testdata:sysfs attr /sys/class/block/sdb/device/model: 53544f5245204e20474f2020202020200a
DEBUG:testdata:sysfs attr /sys/class/block/sda/device/model: 53616e4469736b2053443953423857320a
DEBUG:testdata:sysfs attr /sys/class/block/sr0/device/model: 44564452414d20475545314e202020200a
INFO:program:Running... udevadm settle --timeout=300
DEBUG:program:Return code: 0
DEBUG:testdata:sysfs attr /sys/class/block/sdb/device/model: 53544f5245204e20474f2020202020200a
DEBUG:testdata:sysfs attr /sys/class/block/sda/device/model: 53616e4469736b2053443953423857320a
DEBUG:testdata:sysfs attr /sys/class/block/sr0/device/model: 44564452414d20475545314e202020200a
INFO:program:Running... udevadm settle --timeout=300
DEBUG:program:Return code: 0
DEBUG:testdata:sysfs attr /sys/class/block/sdb/device/model: 53544f5245204e20474f2020202020200a
DEBUG:testdata:sysfs attr /sys/class/block/sda/device/model: 53616e4469736b2053443953423857320a
DEBUG:testdata:sysfs attr /sys/class/block/sr0/device/model: 44564452414d20475545314e202020200a
DEBUG:blivet:            EFIFS.setup: device: /dev/sda1 ; type: efi ; status: False ;
INFO:program:Mounting /dev/sda1 (fstype vfat) to /mnt/sysimage/boot/efi with options: umask=0077,shortname=winnt
DEBUG:blivet:            DirectoryDevice.setup: /dev ; orig: False ; status: True ; controllable: True ;
INFO:program:Running... udevadm settle --timeout=300
DEBUG:program:Return code: 0
DEBUG:testdata:sysfs attr /sys/class/block/sdb/device/model: 53544f5245204e20474f2020202020200a
DEBUG:testdata:sysfs attr /sys/class/block/sda/device/model: 53616e4469736b2053443953423857320a
DEBUG:testdata:sysfs attr /sys/class/block/sr0/device/model: 44564452414d20475545314e202020200a
INFO:program:Running... udevadm settle --timeout=300
DEBUG:program:Return code: 0
DEBUG:testdata:sysfs attr /sys/class/block/sdb/device/model: 53544f5245204e20474f2020202020200a
DEBUG:testdata:sysfs attr /sys/class/block/sda/device/model: 53616e4469736b2053443953423857320a
DEBUG:testdata:sysfs attr /sys/class/block/sr0/device/model: 44564452414d20475545314e202020200a
INFO:program:Running... udevadm settle --timeout=300
DEBUG:program:Return code: 0
DEBUG:testdata:sysfs attr /sys/class/block/sdb/device/model: 53544f5245204e20474f2020202020200a
DEBUG:testdata:sysfs attr /sys/class/block/sda/device/model: 53616e4469736b2053443953423857320a
DEBUG:testdata:sysfs attr /sys/class/block/sr0/device/model: 44564452414d20475545314e202020200a
INFO:program:Running... udevadm settle --timeout=300
DEBUG:program:Return code: 0
DEBUG:testdata:sysfs attr /sys/class/block/sdb/device/model: 53544f5245204e20474f2020202020200a
DEBUG:testdata:sysfs attr /sys/class/block/sda/device/model: 53616e4469736b2053443953423857320a
DEBUG:testdata:sysfs attr /sys/class/block/sr0/device/model: 44564452414d20475545314e202020200a
INFO:program:Running... udevadm settle --timeout=300
DEBUG:program:Return code: 0
DEBUG:testdata:sysfs attr /sys/class/block/sdb/device/model: 53544f5245204e20474f2020202020200a
DEBUG:testdata:sysfs attr /sys/class/block/sda/device/model: 53616e4469736b2053443953423857320a
DEBUG:testdata:sysfs attr /sys/class/block/sr0/device/model: 44564452414d20475545314e202020200a
INFO:program:Running... udevadm settle --timeout=300
DEBUG:program:Return code: 0
DEBUG:testdata:sysfs attr /sys/class/block/sdb/device/model: 53544f5245204e20474f2020202020200a
DEBUG:testdata:sysfs attr /sys/class/block/sda/device/model: 53616e4469736b2053443953423857320a
DEBUG:testdata:sysfs attr /sys/class/block/sr0/device/model: 44564452414d20475545314e202020200a
INFO:program:Running... udevadm settle --timeout=300
DEBUG:program:Return code: 0
DEBUG:testdata:sysfs attr /sys/class/block/sdb/device/model: 53544f5245204e20474f2020202020200a
DEBUG:testdata:sysfs attr /sys/class/block/sda/device/model: 53616e4469736b2053443953423857320a
DEBUG:testdata:sysfs attr /sys/class/block/sr0/device/model: 44564452414d20475545314e202020200a
INFO:program:Running... udevadm settle --timeout=300
DEBUG:program:Return code: 0
DEBUG:testdata:sysfs attr /sys/class/block/sdb/device/model: 53544f5245204e20474f2020202020200a
DEBUG:testdata:sysfs attr /sys/class/block/sda/device/model: 53616e4469736b2053443953423857320a
DEBUG:testdata:sysfs attr /sys/class/block/sr0/device/model: 44564452414d20475545314e202020200a
INFO:program:Running... udevadm settle --timeout=300
DEBUG:program:Return code: 0
DEBUG:testdata:sysfs attr /sys/class/block/sdb/device/model: 53544f5245204e20474f2020202020200a
DEBUG:testdata:sysfs attr /sys/class/block/sda/device/model: 53616e4469736b2053443953423857320a
DEBUG:testdata:sysfs attr /sys/class/block/sr0/device/model: 44564452414d20475545314e202020200a
DEBUG:blivet:            BindFS.setup: device: /dev ; type: bind ; status: False ;
INFO:program:Running... udevadm settle --timeout=300
DEBUG:program:Return code: 0
DEBUG:testdata:sysfs attr /sys/class/block/sdb/device/model: 53544f5245204e20474f2020202020200a
DEBUG:testdata:sysfs attr /sys/class/block/sda/device/model: 53616e4469736b2053443953423857320a
DEBUG:testdata:sysfs attr /sys/class/block/sr0/device/model: 44564452414d20475545314e202020200a
INFO:program:Mounting /dev (fstype bind) to /mnt/sysimage/dev with options: bind,defaults
DEBUG:blivet:            NoDevice.setup: devpts ; orig: False ; status: False ; controllable: True ;
INFO:program:Running... udevadm settle --timeout=300
DEBUG:program:Return code: 0
DEBUG:testdata:sysfs attr /sys/class/block/sdb/device/model: 53544f5245204e20474f2020202020200a
DEBUG:testdata:sysfs attr /sys/class/block/sda/device/model: 53616e4469736b2053443953423857320a
DEBUG:testdata:sysfs attr /sys/class/block/sr0/device/model: 44564452414d20475545314e202020200a
INFO:program:Running... udevadm settle --timeout=300
DEBUG:program:Return code: 0
DEBUG:testdata:sysfs attr /sys/class/block/sdb/device/model: 53544f5245204e20474f2020202020200a
DEBUG:testdata:sysfs attr /sys/class/block/sda/device/model: 53616e4469736b2053443953423857320a
DEBUG:testdata:sysfs attr /sys/class/block/sr0/device/model: 44564452414d20475545314e202020200a
INFO:program:Running... udevadm settle --timeout=300
DEBUG:program:Return code: 0
DEBUG:testdata:sysfs attr /sys/class/block/sdb/device/model: 53544f5245204e20474f2020202020200a
DEBUG:testdata:sysfs attr /sys/class/block/sda/device/model: 53616e4469736b2053443953423857320a
DEBUG:testdata:sysfs attr /sys/class/block/sr0/device/model: 44564452414d20475545314e202020200a
INFO:program:Running... udevadm settle --timeout=300
DEBUG:program:Return code: 0
DEBUG:testdata:sysfs attr /sys/class/block/sdb/device/model: 53544f5245204e20474f2020202020200a
DEBUG:testdata:sysfs attr /sys/class/block/sda/device/model: 53616e4469736b2053443953423857320a
DEBUG:testdata:sysfs attr /sys/class/block/sr0/device/model: 44564452414d20475545314e202020200a
INFO:program:Running... udevadm settle --timeout=300
DEBUG:program:Return code: 0
DEBUG:testdata:sysfs attr /sys/class/block/sdb/device/model: 53544f5245204e20474f2020202020200a
DEBUG:testdata:sysfs attr /sys/class/block/sda/device/model: 53616e4469736b2053443953423857320a
DEBUG:testdata:sysfs attr /sys/class/block/sr0/device/model: 44564452414d20475545314e202020200a
INFO:program:Running... udevadm settle --timeout=300
DEBUG:program:Return code: 0
DEBUG:testdata:sysfs attr /sys/class/block/sdb/device/model: 53544f5245204e20474f2020202020200a
DEBUG:testdata:sysfs attr /sys/class/block/sda/device/model: 53616e4469736b2053443953423857320a
DEBUG:testdata:sysfs attr /sys/class/block/sr0/device/model: 44564452414d20475545314e202020200a
INFO:program:Running... udevadm settle --timeout=300
DEBUG:program:Return code: 0
DEBUG:testdata:sysfs attr /sys/class/block/sdb/device/model: 53544f5245204e20474f2020202020200a
DEBUG:testdata:sysfs attr /sys/class/block/sda/device/model: 53616e4469736b2053443953423857320a
DEBUG:testdata:sysfs attr /sys/class/block/sr0/device/model: 44564452414d20475545314e202020200a
INFO:program:Running... udevadm settle --timeout=300
DEBUG:program:Return code: 0
DEBUG:testdata:sysfs attr /sys/class/block/sdb/device/model: 53544f5245204e20474f2020202020200a
DEBUG:testdata:sysfs attr /sys/class/block/sda/device/model: 53616e4469736b2053443953423857320a
DEBUG:testdata:sysfs attr /sys/class/block/sr0/device/model: 44564452414d20475545314e202020200a
DEBUG:blivet:            DevPtsFS.setup: device: devpts ; type: devpts ; status: False ;
INFO:program:Running... udevadm settle --timeout=300
DEBUG:program:Return code: 0
DEBUG:testdata:sysfs attr /sys/class/block/sdb/device/model: 53544f5245204e20474f2020202020200a
DEBUG:testdata:sysfs attr /sys/class/block/sda/device/model: 53616e4469736b2053443953423857320a
DEBUG:testdata:sysfs attr /sys/class/block/sr0/device/model: 44564452414d20475545314e202020200a
INFO:program:Mounting devpts (fstype devpts) to /mnt/sysimage/dev/pts with options: gid=5,mode=620
DEBUG:blivet:            NoDevice.setup: tmpfs ; orig: False ; status: False ; controllable: True ;
INFO:program:Running... udevadm settle --timeout=300
DEBUG:program:Return code: 0
DEBUG:testdata:sysfs attr /sys/class/block/sdb/device/model: 53544f5245204e20474f2020202020200a
DEBUG:testdata:sysfs attr /sys/class/block/sda/device/model: 53616e4469736b2053443953423857320a
DEBUG:testdata:sysfs attr /sys/class/block/sr0/device/model: 44564452414d20475545314e202020200a
INFO:program:Running... udevadm settle --timeout=300
DEBUG:program:Return code: 0
DEBUG:testdata:sysfs attr /sys/class/block/sdb/device/model: 53544f5245204e20474f2020202020200a
DEBUG:testdata:sysfs attr /sys/class/block/sda/device/model: 53616e4469736b2053443953423857320a
DEBUG:testdata:sysfs attr /sys/class/block/sr0/device/model: 44564452414d20475545314e202020200a
INFO:program:Running... udevadm settle --timeout=300
DEBUG:program:Return code: 0
DEBUG:testdata:sysfs attr /sys/class/block/sdb/device/model: 53544f5245204e20474f2020202020200a
DEBUG:testdata:sysfs attr /sys/class/block/sda/device/model: 53616e4469736b2053443953423857320a
DEBUG:testdata:sysfs attr /sys/class/block/sr0/device/model: 44564452414d20475545314e202020200a
INFO:program:Running... udevadm settle --timeout=300
DEBUG:program:Return code: 0
DEBUG:testdata:sysfs attr /sys/class/block/sdb/device/model: 53544f5245204e20474f2020202020200a
DEBUG:testdata:sysfs attr /sys/class/block/sda/device/model: 53616e4469736b2053443953423857320a
DEBUG:testdata:sysfs attr /sys/class/block/sr0/device/model: 44564452414d20475545314e202020200a
INFO:program:Running... udevadm settle --timeout=300
DEBUG:program:Return code: 0
DEBUG:testdata:sysfs attr /sys/class/block/sdb/device/model: 53544f5245204e20474f2020202020200a
DEBUG:testdata:sysfs attr /sys/class/block/sda/device/model: 53616e4469736b2053443953423857320a
DEBUG:testdata:sysfs attr /sys/class/block/sr0/device/model: 44564452414d20475545314e202020200a
INFO:program:Running... udevadm settle --timeout=300
DEBUG:program:Return code: 0
DEBUG:testdata:sysfs attr /sys/class/block/sdb/device/model: 53544f5245204e20474f2020202020200a
DEBUG:testdata:sysfs attr /sys/class/block/sda/device/model: 53616e4469736b2053443953423857320a
DEBUG:testdata:sysfs attr /sys/class/block/sr0/device/model: 44564452414d20475545314e202020200a
INFO:program:Running... udevadm settle --timeout=300
DEBUG:program:Return code: 0
DEBUG:testdata:sysfs attr /sys/class/block/sdb/device/model: 53544f5245204e20474f2020202020200a
DEBUG:testdata:sysfs attr /sys/class/block/sda/device/model: 53616e4469736b2053443953423857320a
DEBUG:testdata:sysfs attr /sys/class/block/sr0/device/model: 44564452414d20475545314e202020200a
DEBUG:blivet:            TmpFS.setup: device: tmpfs ; type: tmpfs ; status: True ;
INFO:program:Mounting tmpfs (fstype tmpfs) to /mnt/sysimage/dev/shm with options: defaults
DEBUG:blivet:            BTRFSSubVolumeDevice.setup: home ; orig: False ; status: True ; controllable: True ;
INFO:program:Running... udevadm settle --timeout=300
DEBUG:program:Return code: 0
DEBUG:testdata:sysfs attr /sys/class/block/sdb/device/model: 53544f5245204e20474f2020202020200a
DEBUG:testdata:sysfs attr /sys/class/block/sda/device/model: 53616e4469736b2053443953423857320a
DEBUG:testdata:sysfs attr /sys/class/block/sr0/device/model: 44564452414d20475545314e202020200a
INFO:program:Running... udevadm settle --timeout=300
DEBUG:program:Return code: 0
DEBUG:testdata:sysfs attr /sys/class/block/sdb/device/model: 53544f5245204e20474f2020202020200a
DEBUG:testdata:sysfs attr /sys/class/block/sda/device/model: 53616e4469736b2053443953423857320a
DEBUG:testdata:sysfs attr /sys/class/block/sr0/device/model: 44564452414d20475545314e202020200a
INFO:program:Running... udevadm settle --timeout=300
DEBUG:program:Return code: 0
DEBUG:testdata:sysfs attr /sys/class/block/sdb/device/model: 53544f5245204e20474f2020202020200a
DEBUG:testdata:sysfs attr /sys/class/block/sda/device/model: 53616e4469736b2053443953423857320a
DEBUG:testdata:sysfs attr /sys/class/block/sr0/device/model: 44564452414d20475545314e202020200a
INFO:program:Running... udevadm settle --timeout=300
DEBUG:program:Return code: 0
DEBUG:testdata:sysfs attr /sys/class/block/sdb/device/model: 53544f5245204e20474f2020202020200a
DEBUG:testdata:sysfs attr /sys/class/block/sda/device/model: 53616e4469736b2053443953423857320a
DEBUG:testdata:sysfs attr /sys/class/block/sr0/device/model: 44564452414d20475545314e202020200a
INFO:program:Running... udevadm settle --timeout=300
DEBUG:program:Return code: 0
DEBUG:testdata:sysfs attr /sys/class/block/sdb/device/model: 53544f5245204e20474f2020202020200a
DEBUG:testdata:sysfs attr /sys/class/block/sda/device/model: 53616e4469736b2053443953423857320a
DEBUG:testdata:sysfs attr /sys/class/block/sr0/device/model: 44564452414d20475545314e202020200a
INFO:program:Running... udevadm settle --timeout=300
DEBUG:program:Return code: 0
DEBUG:testdata:sysfs attr /sys/class/block/sdb/device/model: 53544f5245204e20474f2020202020200a
DEBUG:testdata:sysfs attr /sys/class/block/sda/device/model: 53616e4469736b2053443953423857320a
DEBUG:testdata:sysfs attr /sys/class/block/sr0/device/model: 44564452414d20475545314e202020200a
INFO:program:Running... udevadm settle --timeout=300
DEBUG:program:Return code: 0
DEBUG:testdata:sysfs attr /sys/class/block/sdb/device/model: 53544f5245204e20474f2020202020200a
DEBUG:testdata:sysfs attr /sys/class/block/sda/device/model: 53616e4469736b2053443953423857320a
DEBUG:testdata:sysfs attr /sys/class/block/sr0/device/model: 44564452414d20475545314e202020200a
INFO:program:Running... udevadm settle --timeout=300
DEBUG:program:Return code: 0
DEBUG:testdata:sysfs attr /sys/class/block/sdb/device/model: 53544f5245204e20474f2020202020200a
DEBUG:testdata:sysfs attr /sys/class/block/sda/device/model: 53616e4469736b2053443953423857320a
DEBUG:testdata:sysfs attr /sys/class/block/sr0/device/model: 44564452414d20475545314e202020200a
DEBUG:blivet:            BTRFS.setup: device: /dev/sda3 ; type: btrfs ; status: False ;
DEBUG:blivet:              BTRFS._pre_setup: type: btrfs ; device: /dev/sda3 ; mountpoint: /home ;
INFO:program:Mounting /dev/sda3 (fstype btrfs) to /mnt/sysimage/home with options: subvol=home,compress=zstd:1
DEBUG:blivet:            NoDevice.setup: proc ; orig: False ; status: True ; controllable: True ;
INFO:program:Running... udevadm settle --timeout=300
DEBUG:program:Return code: 0
DEBUG:testdata:sysfs attr /sys/class/block/sdb/device/model: 53544f5245204e20474f2020202020200a
DEBUG:testdata:sysfs attr /sys/class/block/sda/device/model: 53616e4469736b2053443953423857320a
DEBUG:testdata:sysfs attr /sys/class/block/sr0/device/model: 44564452414d20475545314e202020200a
INFO:program:Running... udevadm settle --timeout=300
DEBUG:program:Return code: 0
DEBUG:testdata:sysfs attr /sys/class/block/sdb/device/model: 53544f5245204e20474f2020202020200a
DEBUG:testdata:sysfs attr /sys/class/block/sda/device/model: 53616e4469736b2053443953423857320a
DEBUG:testdata:sysfs attr /sys/class/block/sr0/device/model: 44564452414d20475545314e202020200a
INFO:program:Running... udevadm settle --timeout=300
DEBUG:program:Return code: 0
DEBUG:testdata:sysfs attr /sys/class/block/sdb/device/model: 53544f5245204e20474f2020202020200a
DEBUG:testdata:sysfs attr /sys/class/block/sda/device/model: 53616e4469736b2053443953423857320a
DEBUG:testdata:sysfs attr /sys/class/block/sr0/device/model: 44564452414d20475545314e202020200a
INFO:program:Running... udevadm settle --timeout=300
DEBUG:program:Return code: 0
DEBUG:testdata:sysfs attr /sys/class/block/sdb/device/model: 53544f5245204e20474f2020202020200a
DEBUG:testdata:sysfs attr /sys/class/block/sda/device/model: 53616e4469736b2053443953423857320a
DEBUG:testdata:sysfs attr /sys/class/block/sr0/device/model: 44564452414d20475545314e202020200a
INFO:program:Running... udevadm settle --timeout=300
DEBUG:program:Return code: 0
DEBUG:testdata:sysfs attr /sys/class/block/sdb/device/model: 53544f5245204e20474f2020202020200a
DEBUG:testdata:sysfs attr /sys/class/block/sda/device/model: 53616e4469736b2053443953423857320a
DEBUG:testdata:sysfs attr /sys/class/block/sr0/device/model: 44564452414d20475545314e202020200a
INFO:program:Running... udevadm settle --timeout=300
DEBUG:program:Return code: 0
DEBUG:testdata:sysfs attr /sys/class/block/sdb/device/model: 53544f5245204e20474f2020202020200a
DEBUG:testdata:sysfs attr /sys/class/block/sda/device/model: 53616e4469736b2053443953423857320a
DEBUG:testdata:sysfs attr /sys/class/block/sr0/device/model: 44564452414d20475545314e202020200a
INFO:program:Running... udevadm settle --timeout=300
DEBUG:program:Return code: 0
DEBUG:testdata:sysfs attr /sys/class/block/sdb/device/model: 53544f5245204e20474f2020202020200a
DEBUG:testdata:sysfs attr /sys/class/block/sda/device/model: 53616e4469736b2053443953423857320a
DEBUG:testdata:sysfs attr /sys/class/block/sr0/device/model: 44564452414d20475545314e202020200a
INFO:program:Running... udevadm settle --timeout=300
DEBUG:program:Return code: 0
DEBUG:testdata:sysfs attr /sys/class/block/sdb/device/model: 53544f5245204e20474f2020202020200a
DEBUG:testdata:sysfs attr /sys/class/block/sda/device/model: 53616e4469736b2053443953423857320a
DEBUG:testdata:sysfs attr /sys/class/block/sr0/device/model: 44564452414d20475545314e202020200a
INFO:program:Running... udevadm settle --timeout=300
DEBUG:program:Return code: 0
DEBUG:testdata:sysfs attr /sys/class/block/sdb/device/model: 53544f5245204e20474f2020202020200a
DEBUG:testdata:sysfs attr /sys/class/block/sda/device/model: 53616e4469736b2053443953423857320a
DEBUG:testdata:sysfs attr /sys/class/block/sr0/device/model: 44564452414d20475545314e202020200a
INFO:program:Running... udevadm settle --timeout=300
DEBUG:program:Return code: 0
DEBUG:testdata:sysfs attr /sys/class/block/sdb/device/model: 53544f5245204e20474f2020202020200a
DEBUG:testdata:sysfs attr /sys/class/block/sda/device/model: 53616e4469736b2053443953423857320a
DEBUG:testdata:sysfs attr /sys/class/block/sr0/device/model: 44564452414d20475545314e202020200a
INFO:program:Running... udevadm settle --timeout=300
DEBUG:program:Return code: 0
DEBUG:testdata:sysfs attr /sys/class/block/sdb/device/model: 53544f5245204e20474f2020202020200a
DEBUG:testdata:sysfs attr /sys/class/block/sda/device/model: 53616e4469736b2053443953423857320a
DEBUG:testdata:sysfs attr /sys/class/block/sr0/device/model: 44564452414d20475545314e202020200a
DEBUG:blivet:            ProcFS.setup: device: proc ; type: proc ; status: False ;
INFO:program:Running... udevadm settle --timeout=300
DEBUG:program:Return code: 0
DEBUG:testdata:sysfs attr /sys/class/block/sdb/device/model: 53544f5245204e20474f2020202020200a
DEBUG:testdata:sysfs attr /sys/class/block/sda/device/model: 53616e4469736b2053443953423857320a
DEBUG:testdata:sysfs attr /sys/class/block/sr0/device/model: 44564452414d20475545314e202020200a
INFO:program:Mounting proc (fstype proc) to /mnt/sysimage/proc with options: defaults
INFO:program:[libmkod] custom logging function 0x7feca7856930 registered

INFO:program:[libmkod] context 0x7fec9423d7e0 released

DEBUG:blivet:            DirectoryDevice.setup: /run ; orig: False ; status: True ; controllable: True ;
INFO:program:Running... udevadm settle --timeout=300
DEBUG:program:Return code: 0
DEBUG:testdata:sysfs attr /sys/class/block/sdb/device/model: 53544f5245204e20474f2020202020200a
DEBUG:testdata:sysfs attr /sys/class/block/sda/device/model: 53616e4469736b2053443953423857320a
DEBUG:testdata:sysfs attr /sys/class/block/sr0/device/model: 44564452414d20475545314e202020200a
INFO:program:Running... udevadm settle --timeout=300
DEBUG:program:Return code: 0
DEBUG:testdata:sysfs attr /sys/class/block/sdb/device/model: 53544f5245204e20474f2020202020200a
DEBUG:testdata:sysfs attr /sys/class/block/sda/device/model: 53616e4469736b2053443953423857320a
DEBUG:testdata:sysfs attr /sys/class/block/sr0/device/model: 44564452414d20475545314e202020200a
INFO:program:Running... udevadm settle --timeout=300
DEBUG:program:Return code: 0
DEBUG:testdata:sysfs attr /sys/class/block/sdb/device/model: 53544f5245204e20474f2020202020200a
DEBUG:testdata:sysfs attr /sys/class/block/sda/device/model: 53616e4469736b2053443953423857320a
DEBUG:testdata:sysfs attr /sys/class/block/sr0/device/model: 44564452414d20475545314e202020200a
INFO:program:Running... udevadm settle --timeout=300
DEBUG:program:Return code: 0
DEBUG:testdata:sysfs attr /sys/class/block/sdb/device/model: 53544f5245204e20474f2020202020200a
DEBUG:testdata:sysfs attr /sys/class/block/sda/device/model: 53616e4469736b2053443953423857320a
DEBUG:testdata:sysfs attr /sys/class/block/sr0/device/model: 44564452414d20475545314e202020200a
INFO:program:Running... udevadm settle --timeout=300
DEBUG:program:Return code: 0
DEBUG:testdata:sysfs attr /sys/class/block/sdb/device/model: 53544f5245204e20474f2020202020200a
DEBUG:testdata:sysfs attr /sys/class/block/sda/device/model: 53616e4469736b2053443953423857320a
DEBUG:testdata:sysfs attr /sys/class/block/sr0/device/model: 44564452414d20475545314e202020200a
INFO:program:Running... udevadm settle --timeout=300
DEBUG:program:Return code: 0
DEBUG:testdata:sysfs attr /sys/class/block/sdb/device/model: 53544f5245204e20474f2020202020200a
DEBUG:testdata:sysfs attr /sys/class/block/sda/device/model: 53616e4469736b2053443953423857320a
DEBUG:testdata:sysfs attr /sys/class/block/sr0/device/model: 44564452414d20475545314e202020200a
INFO:program:Running... udevadm settle --timeout=300
DEBUG:program:Return code: 0
DEBUG:testdata:sysfs attr /sys/class/block/sdb/device/model: 53544f5245204e20474f2020202020200a
DEBUG:testdata:sysfs attr /sys/class/block/sda/device/model: 53616e4469736b2053443953423857320a
DEBUG:testdata:sysfs attr /sys/class/block/sr0/device/model: 44564452414d20475545314e202020200a
INFO:program:Running... udevadm settle --timeout=300
DEBUG:program:Return code: 0
DEBUG:testdata:sysfs attr /sys/class/block/sdb/device/model: 53544f5245204e20474f2020202020200a
DEBUG:testdata:sysfs attr /sys/class/block/sda/device/model: 53616e4469736b2053443953423857320a
DEBUG:testdata:sysfs attr /sys/class/block/sr0/device/model: 44564452414d20475545314e202020200a
INFO:program:Running... udevadm settle --timeout=300
DEBUG:program:Return code: 0
DEBUG:testdata:sysfs attr /sys/class/block/sdb/device/model: 53544f5245204e20474f2020202020200a
DEBUG:testdata:sysfs attr /sys/class/block/sda/device/model: 53616e4469736b2053443953423857320a
DEBUG:testdata:sysfs attr /sys/class/block/sr0/device/model: 44564452414d20475545314e202020200a
INFO:program:Running... udevadm settle --timeout=300
DEBUG:program:Return code: 0
DEBUG:testdata:sysfs attr /sys/class/block/sdb/device/model: 53544f5245204e20474f2020202020200a
DEBUG:testdata:sysfs attr /sys/class/block/sda/device/model: 53616e4469736b2053443953423857320a
DEBUG:testdata:sysfs attr /sys/class/block/sr0/device/model: 44564452414d20475545314e202020200a
INFO:program:Running... udevadm settle --timeout=300
DEBUG:program:Return code: 0
DEBUG:testdata:sysfs attr /sys/class/block/sdb/device/model: 53544f5245204e20474f2020202020200a
DEBUG:testdata:sysfs attr /sys/class/block/sda/device/model: 53616e4469736b2053443953423857320a
DEBUG:testdata:sysfs attr /sys/class/block/sr0/device/model: 44564452414d20475545314e202020200a
INFO:program:Running... udevadm settle --timeout=300
DEBUG:program:Return code: 0
DEBUG:testdata:sysfs attr /sys/class/block/sdb/device/model: 53544f5245204e20474f2020202020200a
DEBUG:testdata:sysfs attr /sys/class/block/sda/device/model: 53616e4469736b2053443953423857320a
DEBUG:testdata:sysfs attr /sys/class/block/sr0/device/model: 44564452414d20475545314e202020200a
DEBUG:blivet:            BindFS.setup: device: /run ; type: bind ; status: False ;
INFO:program:Running... udevadm settle --timeout=300
DEBUG:program:Return code: 0
DEBUG:testdata:sysfs attr /sys/class/block/sdb/device/model: 53544f5245204e20474f2020202020200a
DEBUG:testdata:sysfs attr /sys/class/block/sda/device/model: 53616e4469736b2053443953423857320a
DEBUG:testdata:sysfs attr /sys/class/block/sr0/device/model: 44564452414d20475545314e202020200a
INFO:program:Mounting /run (fstype bind) to /mnt/sysimage/run with options: bind,defaults
DEBUG:blivet:            NoDevice.setup: sysfs ; orig: False ; status: False ; controllable: True ;
INFO:program:Running... udevadm settle --timeout=300
DEBUG:program:Return code: 0
DEBUG:testdata:sysfs attr /sys/class/block/sdb/device/model: 53544f5245204e20474f2020202020200a
DEBUG:testdata:sysfs attr /sys/class/block/sda/device/model: 53616e4469736b2053443953423857320a
DEBUG:testdata:sysfs attr /sys/class/block/sr0/device/model: 44564452414d20475545314e202020200a
INFO:program:Running... udevadm settle --timeout=300
DEBUG:program:Return code: 0
DEBUG:testdata:sysfs attr /sys/class/block/sdb/device/model: 53544f5245204e20474f2020202020200a
DEBUG:testdata:sysfs attr /sys/class/block/sda/device/model: 53616e4469736b2053443953423857320a
DEBUG:testdata:sysfs attr /sys/class/block/sr0/device/model: 44564452414d20475545314e202020200a
INFO:program:Running... udevadm settle --timeout=300
DEBUG:program:Return code: 0
DEBUG:testdata:sysfs attr /sys/class/block/sdb/device/model: 53544f5245204e20474f2020202020200a
DEBUG:testdata:sysfs attr /sys/class/block/sda/device/model: 53616e4469736b2053443953423857320a
DEBUG:testdata:sysfs attr /sys/class/block/sr0/device/model: 44564452414d20475545314e202020200a
INFO:program:Running... udevadm settle --timeout=300
DEBUG:program:Return code: 0
DEBUG:testdata:sysfs attr /sys/class/block/sdb/device/model: 53544f5245204e20474f2020202020200a
DEBUG:testdata:sysfs attr /sys/class/block/sda/device/model: 53616e4469736b2053443953423857320a
DEBUG:testdata:sysfs attr /sys/class/block/sr0/device/model: 44564452414d20475545314e202020200a
INFO:program:Running... udevadm settle --timeout=300
DEBUG:program:Return code: 0
DEBUG:testdata:sysfs attr /sys/class/block/sdb/device/model: 53544f5245204e20474f2020202020200a
DEBUG:testdata:sysfs attr /sys/class/block/sda/device/model: 53616e4469736b2053443953423857320a
DEBUG:testdata:sysfs attr /sys/class/block/sr0/device/model: 44564452414d20475545314e202020200a
INFO:program:Running... udevadm settle --timeout=300
DEBUG:program:Return code: 0
DEBUG:testdata:sysfs attr /sys/class/block/sdb/device/model: 53544f5245204e20474f2020202020200a
DEBUG:testdata:sysfs attr /sys/class/block/sda/device/model: 53616e4469736b2053443953423857320a
DEBUG:testdata:sysfs attr /sys/class/block/sr0/device/model: 44564452414d20475545314e202020200a
INFO:program:Running... udevadm settle --timeout=300
DEBUG:program:Return code: 0
DEBUG:testdata:sysfs attr /sys/class/block/sdb/device/model: 53544f5245204e20474f2020202020200a
DEBUG:testdata:sysfs attr /sys/class/block/sda/device/model: 53616e4469736b2053443953423857320a
DEBUG:testdata:sysfs attr /sys/class/block/sr0/device/model: 44564452414d20475545314e202020200a
INFO:program:Running... udevadm settle --timeout=300
DEBUG:program:Return code: 0
DEBUG:testdata:sysfs attr /sys/class/block/sdb/device/model: 53544f5245204e20474f2020202020200a
DEBUG:testdata:sysfs attr /sys/class/block/sda/device/model: 53616e4469736b2053443953423857320a
DEBUG:testdata:sysfs attr /sys/class/block/sr0/device/model: 44564452414d20475545314e202020200a
INFO:program:Running... udevadm settle --timeout=300
DEBUG:program:Return code: 0
DEBUG:testdata:sysfs attr /sys/class/block/sdb/device/model: 53544f5245204e20474f2020202020200a
DEBUG:testdata:sysfs attr /sys/class/block/sda/device/model: 53616e4469736b2053443953423857320a
DEBUG:testdata:sysfs attr /sys/class/block/sr0/device/model: 44564452414d20475545314e202020200a
INFO:program:Running... udevadm settle --timeout=300
DEBUG:program:Return code: 0
DEBUG:testdata:sysfs attr /sys/class/block/sdb/device/model: 53544f5245204e20474f2020202020200a
DEBUG:testdata:sysfs attr /sys/class/block/sda/device/model: 53616e4469736b2053443953423857320a
DEBUG:testdata:sysfs attr /sys/class/block/sr0/device/model: 44564452414d20475545314e202020200a
INFO:program:Running... udevadm settle --timeout=300
DEBUG:program:Return code: 0
DEBUG:testdata:sysfs attr /sys/class/block/sdb/device/model: 53544f5245204e20474f2020202020200a
DEBUG:testdata:sysfs attr /sys/class/block/sda/device/model: 53616e4469736b2053443953423857320a
DEBUG:testdata:sysfs attr /sys/class/block/sr0/device/model: 44564452414d20475545314e202020200a
DEBUG:blivet:            SysFS.setup: device: sysfs ; type: sysfs ; status: False ;
INFO:program:Running... udevadm settle --timeout=300
DEBUG:program:Return code: 0
DEBUG:testdata:sysfs attr /sys/class/block/sdb/device/model: 53544f5245204e20474f2020202020200a
DEBUG:testdata:sysfs attr /sys/class/block/sda/device/model: 53616e4469736b2053443953423857320a
DEBUG:testdata:sysfs attr /sys/class/block/sr0/device/model: 44564452414d20475545314e202020200a
INFO:program:Mounting sysfs (fstype sysfs) to /mnt/sysimage/sys with options: defaults
DEBUG:blivet:            NoDevice.setup: efivarfs ; orig: False ; status: False ; controllable: True ;
INFO:program:Running... udevadm settle --timeout=300
DEBUG:program:Return code: 0
DEBUG:testdata:sysfs attr /sys/class/block/sdb/device/model: 53544f5245204e20474f2020202020200a
DEBUG:testdata:sysfs attr /sys/class/block/sda/device/model: 53616e4469736b2053443953423857320a
DEBUG:testdata:sysfs attr /sys/class/block/sr0/device/model: 44564452414d20475545314e202020200a
INFO:program:Running... udevadm settle --timeout=300
DEBUG:program:Return code: 0
DEBUG:testdata:sysfs attr /sys/class/block/sdb/device/model: 53544f5245204e20474f2020202020200a
DEBUG:testdata:sysfs attr /sys/class/block/sda/device/model: 53616e4469736b2053443953423857320a
DEBUG:testdata:sysfs attr /sys/class/block/sr0/device/model: 44564452414d20475545314e202020200a
INFO:program:Running... udevadm settle --timeout=300
DEBUG:program:Return code: 0
DEBUG:testdata:sysfs attr /sys/class/block/sdb/device/model: 53544f5245204e20474f2020202020200a
DEBUG:testdata:sysfs attr /sys/class/block/sda/device/model: 53616e4469736b2053443953423857320a
DEBUG:testdata:sysfs attr /sys/class/block/sr0/device/model: 44564452414d20475545314e202020200a
INFO:program:Running... udevadm settle --timeout=300
DEBUG:program:Return code: 0
DEBUG:testdata:sysfs attr /sys/class/block/sdb/device/model: 53544f5245204e20474f2020202020200a
DEBUG:testdata:sysfs attr /sys/class/block/sda/device/model: 53616e4469736b2053443953423857320a
DEBUG:testdata:sysfs attr /sys/class/block/sr0/device/model: 44564452414d20475545314e202020200a
INFO:program:Running... udevadm settle --timeout=300
DEBUG:program:Return code: 0
DEBUG:testdata:sysfs attr /sys/class/block/sdb/device/model: 53544f5245204e20474f2020202020200a
DEBUG:testdata:sysfs attr /sys/class/block/sda/device/model: 53616e4469736b2053443953423857320a
DEBUG:testdata:sysfs attr /sys/class/block/sr0/device/model: 44564452414d20475545314e202020200a
INFO:program:Running... udevadm settle --timeout=300
DEBUG:program:Return code: 0
DEBUG:testdata:sysfs attr /sys/class/block/sdb/device/model: 53544f5245204e20474f2020202020200a
DEBUG:testdata:sysfs attr /sys/class/block/sda/device/model: 53616e4469736b2053443953423857320a
DEBUG:testdata:sysfs attr /sys/class/block/sr0/device/model: 44564452414d20475545314e202020200a
INFO:program:Running... udevadm settle --timeout=300
DEBUG:program:Return code: 0
DEBUG:testdata:sysfs attr /sys/class/block/sdb/device/model: 53544f5245204e20474f2020202020200a
DEBUG:testdata:sysfs attr /sys/class/block/sda/device/model: 53616e4469736b2053443953423857320a
DEBUG:testdata:sysfs attr /sys/class/block/sr0/device/model: 44564452414d20475545314e202020200a
INFO:program:Running... udevadm settle --timeout=300
DEBUG:program:Return code: 0
DEBUG:testdata:sysfs attr /sys/class/block/sdb/device/model: 53544f5245204e20474f2020202020200a
DEBUG:testdata:sysfs attr /sys/class/block/sda/device/model: 53616e4469736b2053443953423857320a
DEBUG:testdata:sysfs attr /sys/class/block/sr0/device/model: 44564452414d20475545314e202020200a
INFO:program:Running... udevadm settle --timeout=300
DEBUG:program:Return code: 0
DEBUG:testdata:sysfs attr /sys/class/block/sdb/device/model: 53544f5245204e20474f2020202020200a
DEBUG:testdata:sysfs attr /sys/class/block/sda/device/model: 53616e4469736b2053443953423857320a
DEBUG:testdata:sysfs attr /sys/class/block/sr0/device/model: 44564452414d20475545314e202020200a
INFO:program:Running... udevadm settle --timeout=300
DEBUG:program:Return code: 0
DEBUG:testdata:sysfs attr /sys/class/block/sdb/device/model: 53544f5245204e20474f2020202020200a
DEBUG:testdata:sysfs attr /sys/class/block/sda/device/model: 53616e4469736b2053443953423857320a
DEBUG:testdata:sysfs attr /sys/class/block/sr0/device/model: 44564452414d20475545314e202020200a
INFO:program:Running... udevadm settle --timeout=300
DEBUG:program:Return code: 0
DEBUG:testdata:sysfs attr /sys/class/block/sdb/device/model: 53544f5245204e20474f2020202020200a
DEBUG:testdata:sysfs attr /sys/class/block/sda/device/model: 53616e4469736b2053443953423857320a
DEBUG:testdata:sysfs attr /sys/class/block/sr0/device/model: 44564452414d20475545314e202020200a
DEBUG:blivet:            EFIVarFS.setup: device: efivarfs ; type: efivarfs ; status: False ;
INFO:program:Running... udevadm settle --timeout=300
DEBUG:program:Return code: 0
DEBUG:testdata:sysfs attr /sys/class/block/sdb/device/model: 53544f5245204e20474f2020202020200a
DEBUG:testdata:sysfs attr /sys/class/block/sda/device/model: 53616e4469736b2053443953423857320a
DEBUG:testdata:sysfs attr /sys/class/block/sr0/device/model: 44564452414d20475545314e202020200a
INFO:program:Mounting efivarfs (fstype efivarfs) to /mnt/sysimage/sys/firmware/efi/efivars with options: defaults
DEBUG:blivet:            NoDevice.setup: selinuxfs ; orig: False ; status: False ; controllable: True ;
INFO:program:Running... udevadm settle --timeout=300
DEBUG:program:Return code: 0
DEBUG:testdata:sysfs attr /sys/class/block/sdb/device/model: 53544f5245204e20474f2020202020200a
DEBUG:testdata:sysfs attr /sys/class/block/sda/device/model: 53616e4469736b2053443953423857320a
DEBUG:testdata:sysfs attr /sys/class/block/sr0/device/model: 44564452414d20475545314e202020200a
INFO:program:Running... udevadm settle --timeout=300
DEBUG:program:Return code: 0
DEBUG:testdata:sysfs attr /sys/class/block/sdb/device/model: 53544f5245204e20474f2020202020200a
DEBUG:testdata:sysfs attr /sys/class/block/sda/device/model: 53616e4469736b2053443953423857320a
DEBUG:testdata:sysfs attr /sys/class/block/sr0/device/model: 44564452414d20475545314e202020200a
INFO:program:Running... udevadm settle --timeout=300
DEBUG:program:Return code: 0
DEBUG:testdata:sysfs attr /sys/class/block/sdb/device/model: 53544f5245204e20474f2020202020200a
DEBUG:testdata:sysfs attr /sys/class/block/sda/device/model: 53616e4469736b2053443953423857320a
DEBUG:testdata:sysfs attr /sys/class/block/sr0/device/model: 44564452414d20475545314e202020200a
INFO:program:Running... udevadm settle --timeout=300
DEBUG:program:Return code: 0
DEBUG:testdata:sysfs attr /sys/class/block/sdb/device/model: 53544f5245204e20474f2020202020200a
DEBUG:testdata:sysfs attr /sys/class/block/sda/device/model: 53616e4469736b2053443953423857320a
DEBUG:testdata:sysfs attr /sys/class/block/sr0/device/model: 44564452414d20475545314e202020200a
INFO:program:Running... udevadm settle --timeout=300
DEBUG:program:Return code: 0
DEBUG:testdata:sysfs attr /sys/class/block/sdb/device/model: 53544f5245204e20474f2020202020200a
DEBUG:testdata:sysfs attr /sys/class/block/sda/device/model: 53616e4469736b2053443953423857320a
DEBUG:testdata:sysfs attr /sys/class/block/sr0/device/model: 44564452414d20475545314e202020200a
INFO:program:Running... udevadm settle --timeout=300
DEBUG:program:Return code: 0
DEBUG:testdata:sysfs attr /sys/class/block/sdb/device/model: 53544f5245204e20474f2020202020200a
DEBUG:testdata:sysfs attr /sys/class/block/sda/device/model: 53616e4469736b2053443953423857320a
DEBUG:testdata:sysfs attr /sys/class/block/sr0/device/model: 44564452414d20475545314e202020200a
INFO:program:Running... udevadm settle --timeout=300
DEBUG:program:Return code: 0
DEBUG:testdata:sysfs attr /sys/class/block/sdb/device/model: 53544f5245204e20474f2020202020200a
DEBUG:testdata:sysfs attr /sys/class/block/sda/device/model: 53616e4469736b2053443953423857320a
DEBUG:testdata:sysfs attr /sys/class/block/sr0/device/model: 44564452414d20475545314e202020200a
INFO:program:Running... udevadm settle --timeout=300
DEBUG:program:Return code: 0
DEBUG:testdata:sysfs attr /sys/class/block/sdb/device/model: 53544f5245204e20474f2020202020200a
DEBUG:testdata:sysfs attr /sys/class/block/sda/device/model: 53616e4469736b2053443953423857320a
DEBUG:testdata:sysfs attr /sys/class/block/sr0/device/model: 44564452414d20475545314e202020200a
INFO:program:Running... udevadm settle --timeout=300
DEBUG:program:Return code: 0
DEBUG:testdata:sysfs attr /sys/class/block/sdb/device/model: 53544f5245204e20474f2020202020200a
DEBUG:testdata:sysfs attr /sys/class/block/sda/device/model: 53616e4469736b2053443953423857320a
DEBUG:testdata:sysfs attr /sys/class/block/sr0/device/model: 44564452414d20475545314e202020200a
INFO:program:Running... udevadm settle --timeout=300
DEBUG:program:Return code: 0
DEBUG:testdata:sysfs attr /sys/class/block/sdb/device/model: 53544f5245204e20474f2020202020200a
DEBUG:testdata:sysfs attr /sys/class/block/sda/device/model: 53616e4469736b2053443953423857320a
DEBUG:testdata:sysfs attr /sys/class/block/sr0/device/model: 44564452414d20475545314e202020200a
INFO:program:Running... udevadm settle --timeout=300
DEBUG:program:Return code: 0
DEBUG:testdata:sysfs attr /sys/class/block/sdb/device/model: 53544f5245204e20474f2020202020200a
DEBUG:testdata:sysfs attr /sys/class/block/sda/device/model: 53616e4469736b2053443953423857320a
DEBUG:testdata:sysfs attr /sys/class/block/sr0/device/model: 44564452414d20475545314e202020200a
DEBUG:blivet:            SELinuxFS.setup: device: selinuxfs ; type: selinuxfs ; status: False ;
INFO:program:Running... udevadm settle --timeout=300
DEBUG:program:Return code: 0
DEBUG:testdata:sysfs attr /sys/class/block/sdb/device/model: 53544f5245204e20474f2020202020200a
DEBUG:testdata:sysfs attr /sys/class/block/sda/device/model: 53616e4469736b2053443953423857320a
DEBUG:testdata:sysfs attr /sys/class/block/sr0/device/model: 44564452414d20475545314e202020200a
INFO:program:Mounting selinuxfs (fstype selinuxfs) to /mnt/sysimage/sys/fs/selinux with options: defaults
DEBUG:blivet:            NoDevice.setup: tmpfs ; orig: False ; status: False ; controllable: True ;
INFO:program:Running... udevadm settle --timeout=300
DEBUG:program:Return code: 0
DEBUG:testdata:sysfs attr /sys/class/block/sdb/device/model: 53544f5245204e20474f2020202020200a
DEBUG:testdata:sysfs attr /sys/class/block/sda/device/model: 53616e4469736b2053443953423857320a
DEBUG:testdata:sysfs attr /sys/class/block/sr0/device/model: 44564452414d20475545314e202020200a
INFO:program:Running... udevadm settle --timeout=300
DEBUG:program:Return code: 0
DEBUG:testdata:sysfs attr /sys/class/block/sdb/device/model: 53544f5245204e20474f2020202020200a
DEBUG:testdata:sysfs attr /sys/class/block/sda/device/model: 53616e4469736b2053443953423857320a
DEBUG:testdata:sysfs attr /sys/class/block/sr0/device/model: 44564452414d20475545314e202020200a
INFO:program:Running... udevadm settle --timeout=300
DEBUG:program:Return code: 0
DEBUG:testdata:sysfs attr /sys/class/block/sdb/device/model: 53544f5245204e20474f2020202020200a
DEBUG:testdata:sysfs attr /sys/class/block/sda/device/model: 53616e4469736b2053443953423857320a
DEBUG:testdata:sysfs attr /sys/class/block/sr0/device/model: 44564452414d20475545314e202020200a
INFO:program:Running... udevadm settle --timeout=300
DEBUG:program:Return code: 0
DEBUG:testdata:sysfs attr /sys/class/block/sdb/device/model: 53544f5245204e20474f2020202020200a
DEBUG:testdata:sysfs attr /sys/class/block/sda/device/model: 53616e4469736b2053443953423857320a
DEBUG:testdata:sysfs attr /sys/class/block/sr0/device/model: 44564452414d20475545314e202020200a
INFO:program:Running... udevadm settle --timeout=300
DEBUG:program:Return code: 0
DEBUG:testdata:sysfs attr /sys/class/block/sdb/device/model: 53544f5245204e20474f2020202020200a
DEBUG:testdata:sysfs attr /sys/class/block/sda/device/model: 53616e4469736b2053443953423857320a
DEBUG:testdata:sysfs attr /sys/class/block/sr0/device/model: 44564452414d20475545314e202020200a
INFO:program:Running... udevadm settle --timeout=300
DEBUG:program:Return code: 0
DEBUG:testdata:sysfs attr /sys/class/block/sdb/device/model: 53544f5245204e20474f2020202020200a
DEBUG:testdata:sysfs attr /sys/class/block/sda/device/model: 53616e4469736b2053443953423857320a
DEBUG:testdata:sysfs attr /sys/class/block/sr0/device/model: 44564452414d20475545314e202020200a
INFO:program:Running... udevadm settle --timeout=300
DEBUG:program:Return code: 0
DEBUG:testdata:sysfs attr /sys/class/block/sdb/device/model: 53544f5245204e20474f2020202020200a
DEBUG:testdata:sysfs attr /sys/class/block/sda/device/model: 53616e4469736b2053443953423857320a
DEBUG:testdata:sysfs attr /sys/class/block/sr0/device/model: 44564452414d20475545314e202020200a
INFO:program:Running... udevadm settle --timeout=300
DEBUG:program:Return code: 0
DEBUG:testdata:sysfs attr /sys/class/block/sdb/device/model: 53544f5245204e20474f2020202020200a
DEBUG:testdata:sysfs attr /sys/class/block/sda/device/model: 53616e4469736b2053443953423857320a
DEBUG:testdata:sysfs attr /sys/class/block/sr0/device/model: 44564452414d20475545314e202020200a
INFO:program:Running... udevadm settle --timeout=300
DEBUG:program:Return code: 0
DEBUG:testdata:sysfs attr /sys/class/block/sdb/device/model: 53544f5245204e20474f2020202020200a
DEBUG:testdata:sysfs attr /sys/class/block/sda/device/model: 53616e4469736b2053443953423857320a
DEBUG:testdata:sysfs attr /sys/class/block/sr0/device/model: 44564452414d20475545314e202020200a
INFO:program:Running... udevadm settle --timeout=300
DEBUG:program:Return code: 0
DEBUG:testdata:sysfs attr /sys/class/block/sdb/device/model: 53544f5245204e20474f2020202020200a
DEBUG:testdata:sysfs attr /sys/class/block/sda/device/model: 53616e4469736b2053443953423857320a
DEBUG:testdata:sysfs attr /sys/class/block/sr0/device/model: 44564452414d20475545314e202020200a
DEBUG:blivet:            TmpFS.setup: device: tmpfs ; type: tmpfs ; status: True ;
INFO:program:Mounting tmpfs (fstype tmpfs) to /mnt/sysimage/tmp with options: defaults
INFO:program:Running... findmnt -rn /mnt/sysroot
DEBUG:program:Return code of findmnt: 1
INFO:program:Running... mount --rbind /mnt/sysimage /mnt/sysroot
DEBUG:program:Return code of mount: 0
INFO:anaconda.core.threads:Thread Done: AnaTaskThread-MountFilesystemsTask-1 (140654242514624)
